-- phpMyAdmin SQL Dump
-- version 4.4.14
-- http://www.phpmyadmin.net
--
-- Host: 127.0.0.1
-- Generation Time: Oct 13, 2015 at 03:36 AM
-- Server version: 5.6.26
-- PHP Version: 5.6.12

SET SQL_MODE = "NO_AUTO_VALUE_ON_ZERO";
SET time_zone = "+00:00";


/*!40101 SET @OLD_CHARACTER_SET_CLIENT=@@CHARACTER_SET_CLIENT */;
/*!40101 SET @OLD_CHARACTER_SET_RESULTS=@@CHARACTER_SET_RESULTS */;
/*!40101 SET @OLD_COLLATION_CONNECTION=@@COLLATION_CONNECTION */;
/*!40101 SET NAMES utf8mb4 */;

--
-- Database: `appbuild`
--

-- --------------------------------------------------------

--
-- Table structure for table `about`
--

CREATE TABLE IF NOT EXISTS `about` (
  `id` int(11) NOT NULL,
  `name` varchar(100) NOT NULL,
  `email` varchar(30) NOT NULL,
  `gplus` varchar(100) NOT NULL,
  `address` varchar(255) NOT NULL,
  `phone` varchar(30) NOT NULL,
  `created_at` timestamp NOT NULL DEFAULT '0000-00-00 00:00:00',
  `updated_at` timestamp NOT NULL DEFAULT '0000-00-00 00:00:00'
) ENGINE=InnoDB AUTO_INCREMENT=2 DEFAULT CHARSET=latin1;

--
-- Dumping data for table `about`
--

INSERT INTO `about` (`id`, `name`, `email`, `gplus`, `address`, `phone`, `created_at`, `updated_at`) VALUES
(1, 'test', 'email', 'giarsyaninuli', 'Jl. Kaliurang KM 14 Perumahan Pamungkas No. AA04 Yogyakarta', '343', '0000-00-00 00:00:00', '2015-04-17 07:13:28');

-- --------------------------------------------------------

--
-- Table structure for table `access`
--

CREATE TABLE IF NOT EXISTS `access` (
  `id` int(11) NOT NULL,
  `id_group` int(10) unsigned NOT NULL,
  `id_controller` int(11) NOT NULL,
  `deleted_at` timestamp NULL DEFAULT NULL,
  `created_at` timestamp NOT NULL DEFAULT '0000-00-00 00:00:00',
  `updated_at` timestamp NOT NULL DEFAULT '0000-00-00 00:00:00'
) ENGINE=InnoDB AUTO_INCREMENT=94 DEFAULT CHARSET=latin1;

--
-- Dumping data for table `access`
--

INSERT INTO `access` (`id`, `id_group`, `id_controller`, `deleted_at`, `created_at`, `updated_at`) VALUES
(65, 2, 8, '2015-05-11 07:29:20', '2015-04-18 09:14:27', '2015-05-11 07:29:20'),
(66, 2, 9, '2015-05-11 07:29:20', '2015-04-18 09:14:27', '2015-05-11 07:29:20'),
(68, 2, 13, '2015-05-11 07:29:08', '2015-04-18 09:14:27', '2015-05-11 07:29:08'),
(69, 2, 14, '2015-05-11 07:29:08', '2015-04-18 09:14:27', '2015-05-11 07:29:08'),
(70, 2, 15, '2015-05-11 07:29:08', '2015-04-18 09:14:27', '2015-05-11 07:29:08'),
(71, 2, 17, '2015-05-11 07:29:20', '2015-04-18 09:14:27', '2015-05-11 07:29:20'),
(72, 2, 21, '2015-05-11 06:41:55', '2015-04-18 09:14:27', '2015-05-11 06:41:55'),
(76, 2, 25, '2015-05-11 06:41:41', '2015-04-18 09:14:27', '2015-05-11 06:41:41'),
(77, 2, 26, '2015-05-11 06:41:27', '2015-04-18 09:14:27', '2015-05-11 06:41:27'),
(78, 3, 17, '2015-05-11 07:29:14', '2015-05-11 06:42:37', '2015-05-11 07:29:14'),
(79, 3, 9, '2015-05-13 02:38:03', '2015-05-11 07:29:14', '2015-05-13 02:38:03'),
(80, 3, 17, '2015-05-13 02:38:03', '2015-05-11 07:29:14', '2015-05-13 02:38:03'),
(81, 2, 9, '2015-05-13 02:44:51', '2015-05-11 07:29:20', '2015-05-13 02:44:51'),
(82, 2, 17, '2015-05-13 02:44:51', '2015-05-11 07:29:20', '2015-05-13 02:44:51'),
(83, 3, 8, NULL, '2015-05-13 02:38:03', '2015-05-13 02:38:03'),
(84, 3, 9, NULL, '2015-05-13 02:38:03', '2015-05-13 02:38:03'),
(85, 3, 17, NULL, '2015-05-13 02:38:04', '2015-05-13 02:38:04'),
(86, 2, 9, '2015-06-08 10:01:44', '2015-05-13 02:44:52', '2015-06-08 10:01:44'),
(87, 2, 17, '2015-06-08 10:01:44', '2015-05-13 02:44:52', '2015-06-08 10:01:44'),
(88, 2, 27, '2015-06-08 10:01:44', '2015-05-13 02:44:52', '2015-06-08 10:01:44'),
(89, 2, 17, '2015-06-08 10:07:02', '2015-06-08 10:01:44', '2015-06-08 10:07:02'),
(90, 2, 27, '2015-06-08 10:07:02', '2015-06-08 10:01:44', '2015-06-08 10:07:02'),
(91, 2, 9, NULL, '2015-06-08 10:07:02', '2015-06-08 10:07:02'),
(92, 2, 17, NULL, '2015-06-08 10:07:02', '2015-06-08 10:07:02'),
(93, 2, 27, NULL, '2015-06-08 10:07:02', '2015-06-08 10:07:02');

-- --------------------------------------------------------

--
-- Table structure for table `bid`
--

CREATE TABLE IF NOT EXISTS `bid` (
  `id` int(11) NOT NULL,
  `id_user` int(11) NOT NULL,
  `id_request` int(11) NOT NULL,
  `price` int(11) NOT NULL,
  `cover_letter` varchar(255) DEFAULT NULL,
  `time` datetime DEFAULT NULL,
  `status` enum('0','1') NOT NULL DEFAULT '0' COMMENT '0: waiting, 1:accepted',
  `sent` enum('0','1') NOT NULL DEFAULT '0',
  `reply` enum('0','1') NOT NULL DEFAULT '0',
  `ignore` enum('0','1') NOT NULL DEFAULT '0',
  `notif` enum('1','0') DEFAULT NULL,
  `bid_notif` enum('1','0') NOT NULL DEFAULT '0',
  `send_time` timestamp NOT NULL DEFAULT '0000-00-00 00:00:00',
  `finish_time` timestamp NOT NULL DEFAULT '0000-00-00 00:00:00',
  `created_at` timestamp NOT NULL DEFAULT '0000-00-00 00:00:00',
  `updated_at` timestamp NOT NULL DEFAULT '0000-00-00 00:00:00'
) ENGINE=InnoDB AUTO_INCREMENT=3 DEFAULT CHARSET=latin1;

--
-- Dumping data for table `bid`
--

INSERT INTO `bid` (`id`, `id_user`, `id_request`, `price`, `cover_letter`, `time`, `status`, `sent`, `reply`, `ignore`, `notif`, `bid_notif`, `send_time`, `finish_time`, `created_at`, `updated_at`) VALUES
(1, 1, 1, 3232, NULL, NULL, '1', '0', '1', '0', NULL, '0', '0000-00-00 00:00:00', '0000-00-00 00:00:00', '0000-00-00 00:00:00', '0000-00-00 00:00:00'),
(2, 1, 1, 5000, 'a', NULL, '0', '0', '0', '0', NULL, '0', '0000-00-00 00:00:00', '0000-00-00 00:00:00', '0000-00-00 00:00:00', '0000-00-00 00:00:00');

-- --------------------------------------------------------

--
-- Table structure for table `category`
--

CREATE TABLE IF NOT EXISTS `category` (
  `id` int(11) NOT NULL,
  `name` int(11) NOT NULL,
  `description` int(11) NOT NULL,
  `created_at` timestamp NOT NULL DEFAULT '0000-00-00 00:00:00',
  `updated_at` timestamp NOT NULL DEFAULT '0000-00-00 00:00:00'
) ENGINE=InnoDB DEFAULT CHARSET=latin1;

-- --------------------------------------------------------

--
-- Table structure for table `controllers`
--

CREATE TABLE IF NOT EXISTS `controllers` (
  `id` int(11) NOT NULL,
  `id_parent` int(11) DEFAULT NULL,
  `name` varchar(50) NOT NULL,
  `url` varchar(100) DEFAULT NULL,
  `description` varchar(100) NOT NULL,
  `icon` varchar(100) NOT NULL,
  `deleted_at` timestamp NULL DEFAULT NULL,
  `created_at` timestamp NOT NULL DEFAULT '0000-00-00 00:00:00',
  `updated_at` timestamp NOT NULL DEFAULT '0000-00-00 00:00:00'
) ENGINE=InnoDB AUTO_INCREMENT=28 DEFAULT CHARSET=latin1;

--
-- Dumping data for table `controllers`
--

INSERT INTO `controllers` (`id`, `id_parent`, `name`, `url`, `description`, `icon`, `deleted_at`, `created_at`, `updated_at`) VALUES
(1, NULL, 'Blog', NULL, 'Blog Parent', 'fa fa-file-o', '2015-05-11 06:41:17', '2015-03-24 15:02:15', '2015-05-11 06:41:17'),
(2, 1, 'Category', 'news_category', 'Blog Category', '', '2015-05-11 06:41:17', '2015-03-24 15:03:03', '2015-05-11 06:41:17'),
(3, 1, 'List', NULL, 'Blog List', '', '2015-05-11 06:41:17', '2015-03-24 15:05:39', '2015-05-11 06:41:17'),
(8, NULL, 'Requestaaa', 'requestaaa', 'Request List', 'fa fa-shopping-cart', NULL, '2015-03-24 15:13:06', '2015-10-06 16:11:46'),
(9, NULL, 'Users', 'users', 'Users List', 'fa fa-users', NULL, '2015-03-24 15:13:32', '2015-05-11 07:28:43'),
(13, NULL, 'Management Staff', NULL, 'Management Staff Menu', 'fa fa-user', '2015-05-11 07:29:08', '2015-03-24 16:30:57', '2015-05-11 07:29:08'),
(14, 13, 'List', 'users', 'Staff List', '', '2015-05-11 07:29:08', '2015-03-24 16:31:27', '2015-05-11 07:29:08'),
(15, 13, 'Deleted Staff', 'deleted-staff', 'Deleted Staff List', '', NULL, '2015-03-24 16:31:53', '2015-05-11 07:29:08'),
(17, NULL, 'About', 'about', 'About Menu', 'fa fa-info-circle', NULL, '2015-03-24 15:18:46', '2015-03-24 15:53:07'),
(21, NULL, 'Reports', 'report', 'Reports Menu', 'fa fa-bar-chart-o', '2015-05-11 06:41:55', '2015-03-24 16:33:59', '2015-05-11 06:41:55'),
(25, NULL, 'Statistics', 'statistics', 'is menu to view visitor activity', 'fa fa-signal', '2015-05-11 06:41:41', '2015-04-14 15:08:07', '2015-05-11 06:41:41'),
(26, NULL, 'Messages', 'messages', 'Is all about contact ', 'fa fa-envelope', '2015-05-11 06:41:27', '2015-04-18 09:14:15', '2015-05-11 06:41:27'),
(27, NULL, 'Find Work', 'find-work', 'All Project that you can bid', 'fa fa-bullhorn', NULL, '2015-05-13 02:44:31', '2015-05-13 02:44:31');

-- --------------------------------------------------------

--
-- Table structure for table `cron_job`
--

CREATE TABLE IF NOT EXISTS `cron_job` (
  `id` int(10) unsigned NOT NULL,
  `name` varchar(255) COLLATE utf8_unicode_ci NOT NULL,
  `return` text COLLATE utf8_unicode_ci NOT NULL,
  `runtime` float(8,2) NOT NULL,
  `cron_manager_id` int(10) unsigned NOT NULL
) ENGINE=InnoDB AUTO_INCREMENT=1603 DEFAULT CHARSET=utf8 COLLATE=utf8_unicode_ci;

--
-- Dumping data for table `cron_job`
--

INSERT INTO `cron_job` (`id`, `name`, `return`, `runtime`, `cron_manager_id`) VALUES
(1, 'example1', '', 0.11, 2),
(2, 'example1', '', 0.06, 3),
(3, 'example1', '', 0.05, 4),
(4, 'example1', '', 0.07, 5),
(5, 'example1', '', 0.06, 6),
(6, 'example1', '', 0.07, 7),
(7, 'example1', '', 0.08, 8),
(8, 'example1', '', 0.07, 9),
(9, 'example1', '', 0.07, 10),
(10, 'example1', '', 0.06, 11),
(11, 'example1', '', 0.06, 12),
(12, 'example1', '', 0.05, 13),
(13, 'example1', '', 0.08, 14),
(14, 'example1', '', 0.14, 15),
(15, 'example1', '', 0.06, 16),
(16, 'example1', '', 0.06, 17),
(17, 'example1', '', 0.06, 18),
(18, 'example1', '', 0.07, 19),
(19, 'example1', '', 0.06, 20),
(20, 'example1', '', 0.06, 21),
(21, 'example1', '', 0.05, 22),
(22, 'example1', '', 0.05, 23),
(23, 'example1', '', 0.06, 24),
(24, 'example1', '', 0.10, 25),
(25, 'example1', '', 0.05, 26),
(26, 'example1', '', 0.05, 27),
(27, 'example1', '', 0.06, 28),
(28, 'example1', '', 0.06, 29),
(29, 'example1', '', 0.07, 30),
(30, 'example1', '', 0.06, 31),
(31, 'example1', '', 0.07, 32),
(32, 'example1', '', 0.05, 33),
(33, 'example1', '', 0.08, 34),
(34, 'example1', '', 0.06, 35),
(35, 'example1', '', 0.06, 36),
(36, 'example1', '', 0.06, 37),
(37, 'example1', '', 0.24, 38),
(38, 'example1', '', 0.11, 39),
(39, 'example1', '', 0.09, 40),
(40, 'example1', '', 0.07, 41),
(41, 'example1', '', 0.06, 42),
(42, 'example1', '', 0.08, 43),
(43, 'example1', '', 0.05, 44),
(44, 'example1', '', 0.05, 45),
(45, 'example1', '', 0.06, 46),
(46, 'example1', '', 0.11, 47),
(47, 'example1', '', 0.06, 48),
(48, 'example1', '', 0.06, 49),
(49, 'example1', '', 0.12, 50),
(50, 'example1', '', 0.06, 51),
(51, 'example1', '', 0.06, 52),
(52, 'example1', '', 0.06, 53),
(53, 'example1', '', 0.06, 54),
(54, 'example1', '', 0.07, 55),
(55, 'example1', '', 0.08, 56),
(56, 'example1', '', 0.07, 57),
(57, 'example1', '', 0.09, 58),
(58, 'example1', '', 0.09, 59),
(59, 'example1', '', 0.06, 60),
(60, 'example1', '', 0.06, 61),
(61, 'example1', '', 0.10, 62),
(62, 'example1', '', 0.08, 63),
(63, 'example1', '', 0.07, 64),
(64, 'example1', '', 0.07, 65),
(65, 'example1', '', 0.10, 66),
(66, 'example1', '', 0.06, 67),
(67, 'example1', '', 0.07, 68),
(68, 'example1', '', 0.06, 69),
(69, 'example1', '', 0.05, 70),
(70, 'example1', '', 0.07, 71),
(71, 'example1', '', 0.05, 72),
(72, 'example1', '', 0.06, 73),
(73, 'example1', '', 0.07, 74),
(74, 'example1', '', 0.08, 75),
(75, 'example1', '', 0.06, 76),
(76, 'example1', '', 0.05, 77),
(77, 'example1', '', 0.05, 78),
(78, 'example1', '', 0.08, 79),
(79, 'example1', '', 0.05, 80),
(80, 'example1', '', 0.06, 81),
(81, 'example1', '', 0.06, 82),
(82, 'example1', '', 0.06, 83),
(83, 'example1', '', 0.22, 84),
(84, 'example1', '', 0.13, 85),
(85, 'example1', '', 0.07, 86),
(86, 'example1', '', 0.08, 87),
(87, 'example1', '', 0.10, 88),
(88, 'example1', '', 0.07, 89),
(89, 'example1', '', 0.06, 90),
(90, 'example1', '', 0.07, 91),
(91, 'example1', '', 0.10, 92),
(92, 'example1', '', 0.09, 93),
(93, 'example1', '', 0.15, 94),
(94, 'example1', '', 0.15, 95),
(95, 'example1', '', 0.16, 96),
(96, 'example1', '', 0.18, 97),
(97, 'example1', '', 0.04, 98),
(98, 'example1', '', 0.05, 99),
(99, 'example1', '', 0.06, 100),
(100, 'example1', '', 0.06, 101),
(101, 'example1', '', 0.06, 102),
(102, 'example1', '', 0.06, 103),
(103, 'example1', '', 0.07, 104),
(104, 'example1', '', 0.06, 105),
(105, 'example1', '', 0.06, 106),
(106, 'example1', '', 0.06, 107),
(107, 'example1', '', 0.06, 108),
(108, 'example1', '', 0.06, 109),
(109, 'example1', '', 0.06, 110),
(110, 'example1', '', 0.06, 111),
(111, 'example1', '', 0.05, 112),
(112, 'example1', '', 0.06, 113),
(113, 'example1', '', 0.11, 114),
(114, 'example1', '', 0.06, 115),
(115, 'example1', '', 0.06, 116),
(116, 'example1', '', 0.06, 117),
(117, 'example1', '', 0.06, 118),
(118, 'example1', '', 0.05, 119),
(119, 'example1', '', 0.05, 120),
(120, 'example1', '', 0.06, 121),
(121, 'example1', '', 0.08, 122),
(122, 'example1', '', 0.05, 123),
(123, 'example1', '', 0.06, 124),
(124, 'example1', '', 0.08, 125),
(125, 'example1', '', 0.06, 126),
(126, 'example1', '', 0.07, 127),
(127, 'example1', '', 0.06, 128),
(128, 'example1', '', 0.06, 129),
(129, 'example1', '', 0.06, 130),
(130, 'example1', '', 0.07, 131),
(131, 'example1', '', 0.06, 132),
(132, 'example1', '', 0.05, 133),
(133, 'example1', '', 0.07, 134),
(134, 'example1', '', 0.07, 135),
(135, 'example1', '', 0.06, 136),
(136, 'example1', '', 0.06, 137),
(137, 'example1', '', 0.07, 138),
(138, 'example1', '', 0.06, 139),
(139, 'example1', '', 0.06, 140),
(140, 'example1', '', 0.05, 141),
(141, 'example1', '', 0.07, 142),
(142, 'example1', '', 0.06, 143),
(143, 'example1', '', 0.06, 144),
(144, 'example1', '', 0.06, 145),
(145, 'example1', '', 0.05, 146),
(146, 'example1', '', 0.05, 147),
(147, 'example1', '', 0.06, 148),
(148, 'example1', '', 0.05, 149),
(149, 'example1', '', 0.06, 150),
(150, 'example1', '', 0.06, 151),
(151, 'example1', '', 0.04, 152),
(152, 'example1', '', 0.06, 153),
(153, 'example1', '', 0.12, 154),
(154, 'example1', '', 0.06, 155),
(155, 'example1', '', 0.05, 156),
(156, 'example1', '', 0.06, 157),
(157, 'example1', '', 0.05, 158),
(158, 'example1', '', 0.06, 159),
(159, 'example1', '', 0.06, 160),
(160, 'example1', '', 0.05, 161),
(161, 'example1', '', 0.05, 162),
(162, 'example1', '', 0.06, 163),
(163, 'example1', '', 0.06, 164),
(164, 'example1', '', 0.05, 165),
(165, 'example1', '', 0.06, 166),
(166, 'example1', '', 0.06, 167),
(167, 'example1', '', 0.18, 168),
(168, 'example1', '', 0.06, 169),
(169, 'example1', '', 0.06, 170),
(170, 'example1', '', 0.06, 171),
(171, 'example1', '', 0.05, 172),
(172, 'example1', '', 0.07, 173),
(173, 'example1', '', 0.03, 174),
(174, 'example1', '', 0.10, 175),
(175, 'example1', '', 0.17, 176),
(176, 'example1', '', 6.44, 177),
(177, 'example1', '', 0.16, 178),
(178, 'example1', '', 0.08, 179),
(179, 'example1', '', 0.08, 180),
(180, 'example1', '', 0.06, 181),
(181, 'example1', '', 0.09, 182),
(182, 'example1', '', 0.07, 183),
(183, 'example1', '', 0.08, 184),
(184, 'example1', '', 0.08, 185),
(185, 'example1', '', 0.07, 186),
(186, 'example1', '', 0.05, 187),
(187, 'example1', '', 0.07, 188),
(188, 'example1', '', 0.10, 189),
(189, 'example1', '', 0.15, 190),
(190, 'example1', '', 0.30, 191),
(191, 'example1', '', 0.06, 192),
(192, 'example1', '', 0.07, 193),
(193, 'example1', '', 0.07, 194),
(194, 'example1', '', 0.07, 195),
(195, 'example1', '', 0.07, 196),
(196, 'example1', '', 0.07, 197),
(197, 'example1', '', 0.08, 198),
(198, 'example1', '', 0.08, 199),
(199, 'example1', '', 0.07, 200),
(200, 'example1', '', 0.03, 201),
(201, 'example1', '', 0.07, 202),
(202, 'example1', '', 0.08, 203),
(203, 'example1', '', 0.08, 204),
(204, 'example1', '', 0.09, 205),
(205, 'example1', '', 0.08, 206),
(206, 'example1', '', 0.07, 207),
(207, 'example1', '', 0.09, 208),
(208, 'example1', '', 0.13, 209),
(209, 'example1', '', 0.04, 210),
(210, 'example1', '', 0.08, 211),
(211, 'example1', '', 0.09, 212),
(212, 'example1', '', 0.06, 213),
(213, 'example1', '', 0.06, 214),
(214, 'example1', '', 0.06, 215),
(215, 'example1', '', 0.14, 216),
(216, 'example1', '', 0.06, 217),
(217, 'example1', '', 0.07, 218),
(218, 'example1', '', 0.06, 219),
(219, 'example1', '', 0.06, 220),
(220, 'example1', '', 0.07, 221),
(221, 'example1', '', 0.08, 222),
(222, 'example1', '', 0.10, 223),
(223, 'example1', '', 0.18, 224),
(224, 'example1', '', 0.06, 225),
(225, 'example1', '', 0.09, 226),
(226, 'example1', '', 0.06, 227),
(227, 'example1', '', 0.06, 228),
(228, 'example1', '', 0.06, 229),
(229, 'example1', '', 0.07, 230),
(230, 'example1', '', 0.06, 231),
(231, 'example1', '', 0.07, 232),
(232, 'example1', '', 0.07, 233),
(233, 'example1', '', 0.11, 234),
(234, 'example1', '', 0.07, 235),
(235, 'example1', '', 0.06, 236),
(236, 'example1', '', 0.07, 237),
(237, 'example1', '', 0.07, 238),
(238, 'example1', '', 0.06, 239),
(239, 'example1', '', 0.06, 240),
(240, 'example1', '', 0.07, 241),
(241, 'example1', '', 0.09, 242),
(242, 'example1', '', 0.07, 243),
(243, 'example1', '', 0.08, 244),
(244, 'example1', '', 0.11, 245),
(245, 'example1', '', 0.03, 246),
(246, 'example1', '', 0.08, 247),
(247, 'example1', '', 0.06, 248),
(248, 'example1', '', 0.06, 249),
(249, 'example1', '', 0.07, 250),
(250, 'example1', '', 0.08, 251),
(251, 'example1', '', 0.06, 252),
(252, 'example1', '', 0.07, 253),
(253, 'example1', '', 0.06, 254),
(254, 'example1', '', 0.06, 255),
(255, 'example1', '', 0.10, 256),
(256, 'example1', '', 0.06, 257),
(257, 'example1', '', 0.07, 258),
(258, 'example1', '', 0.07, 259),
(259, 'example1', '', 0.08, 260),
(260, 'example1', '', 0.06, 261),
(261, 'example1', '', 0.06, 262),
(262, 'example1', '', 0.08, 263),
(263, 'example1', '', 0.06, 264),
(264, 'example1', '', 0.06, 265),
(265, 'example1', '', 0.06, 266),
(266, 'example1', '', 0.09, 267),
(267, 'example1', '', 0.05, 268),
(268, 'example1', '', 0.06, 269),
(269, 'example1', '', 0.04, 270),
(270, 'example1', '', 0.06, 271),
(271, 'example1', '', 0.15, 272),
(272, 'example1', '', 0.06, 273),
(273, 'example1', '', 0.06, 274),
(274, 'example1', '', 0.09, 275),
(275, 'example1', '', 0.08, 276),
(276, 'example1', '', 0.06, 277),
(277, 'example1', '', 0.09, 278),
(278, 'example1', '', 0.07, 279),
(279, 'example1', '', 0.06, 280),
(280, 'example1', '', 0.04, 281),
(281, 'example1', '', 0.05, 282),
(282, 'example1', '', 0.06, 283),
(283, 'example1', '', 0.05, 284),
(284, 'example1', '', 0.06, 285),
(285, 'example1', '', 0.06, 286),
(286, 'example1', '', 0.05, 287),
(287, 'example1', '', 0.05, 288),
(288, 'example1', '', 0.09, 289),
(289, 'example1', '', 0.07, 290),
(290, 'example1', '', 0.06, 291),
(291, 'example1', '', 0.05, 292),
(292, 'example1', '', 0.06, 293),
(293, 'example1', '', 0.06, 294),
(294, 'example1', '', 0.06, 295),
(295, 'example1', '', 0.06, 296),
(296, 'example1', '', 0.05, 297),
(297, 'example1', '', 0.07, 298),
(298, 'example1', '', 0.06, 299),
(299, 'example1', '', 0.10, 300),
(300, 'example1', '', 0.06, 301),
(301, 'example1', '', 0.07, 302),
(302, 'example1', '', 0.05, 303),
(303, 'example1', '', 0.06, 304),
(304, 'example1', '', 0.06, 305),
(305, 'example1', '', 0.08, 306),
(306, 'example1', '', 0.06, 307),
(307, 'example1', '', 0.10, 308),
(308, 'example1', '', 0.06, 309),
(309, 'example1', '', 0.05, 310),
(310, 'example1', '', 0.10, 311),
(311, 'example1', '', 0.07, 312),
(312, 'example1', '', 0.06, 313),
(313, 'example1', '', 0.06, 314),
(314, 'example1', '', 0.06, 315),
(315, 'example1', '', 0.05, 316),
(316, 'example1', '', 0.06, 317),
(317, 'example1', '', 0.06, 318),
(318, 'example1', '', 0.05, 319),
(319, 'example1', '', 0.06, 320),
(320, 'example1', '', 0.06, 321),
(321, 'example1', '', 0.09, 322),
(322, 'example1', '', 0.06, 323),
(323, 'example1', '', 0.03, 324),
(324, 'example1', '', 0.06, 325),
(325, 'example1', '', 0.06, 326),
(326, 'example1', '', 0.07, 327),
(327, 'example1', '', 0.07, 328),
(328, 'example1', '', 0.05, 329),
(329, 'example1', '', 0.06, 330),
(330, 'example1', '', 0.06, 331),
(331, 'example1', '', 0.07, 332),
(332, 'example1', '', 0.08, 333),
(333, 'example1', '', 0.06, 334),
(334, 'example1', '', 0.06, 335),
(335, 'example1', '', 0.07, 336),
(336, 'example1', '', 0.03, 337),
(337, 'example1', '', 0.07, 338),
(338, 'example1', '', 0.09, 339),
(339, 'example1', '', 0.07, 340),
(340, 'example1', '', 0.13, 341),
(341, 'example1', '', 0.06, 342),
(342, 'example1', '', 0.14, 343),
(343, 'example1', '', 0.18, 344),
(344, 'example1', '', 0.06, 345),
(345, 'example1', '', 0.07, 346),
(346, 'example1', '', 0.49, 347),
(347, 'example1', '', 0.07, 348),
(348, 'example1', '', 0.06, 349),
(349, 'example1', '', 0.07, 350),
(350, 'example1', '', 0.06, 351),
(351, 'example1', '', 0.07, 352),
(352, 'example1', '', 0.07, 353),
(353, 'example1', '', 0.06, 354),
(354, 'example1', '', 0.07, 355),
(355, 'example1', '', 0.06, 356),
(356, 'example1', '', 0.05, 357),
(357, 'example1', '', 0.08, 358),
(358, 'example1', '', 0.04, 359),
(359, 'example1', '', 0.05, 360),
(360, 'example1', '', 0.06, 361),
(361, 'example1', '', 0.07, 362),
(362, 'example1', '', 0.07, 363),
(363, 'example1', '', 0.05, 364),
(364, 'example1', '', 0.07, 365),
(365, 'example1', '', 0.05, 366),
(366, 'example1', '', 0.05, 367),
(367, 'example1', '', 0.05, 368),
(368, 'example1', '', 0.05, 369),
(369, 'example1', '', 0.06, 370),
(370, 'example1', '', 0.05, 371),
(371, 'example1', '', 0.05, 372),
(372, 'example1', '', 0.06, 373),
(373, 'example1', '', 0.06, 374),
(374, 'example1', '', 0.06, 375),
(375, 'example1', '', 0.05, 376),
(376, 'example1', '', 0.16, 377),
(377, 'example1', '', 0.10, 378),
(378, 'example1', '', 0.06, 379),
(379, 'example1', '', 0.06, 380),
(380, 'example1', '', 0.05, 381),
(381, 'example1', '', 0.08, 382),
(382, 'example1', '', 0.05, 383),
(383, 'example1', '', 0.08, 384),
(384, 'example1', '', 0.06, 385),
(385, 'example1', '', 0.06, 386),
(386, 'example1', '', 0.07, 387),
(387, 'example1', '', 0.06, 388),
(388, 'example1', '', 0.06, 389),
(389, 'example1', '', 0.06, 390),
(390, 'example1', '', 0.07, 391),
(391, 'example1', '', 0.08, 392),
(392, 'example1', '', 0.09, 393),
(393, 'example1', '', 0.05, 394),
(394, 'example1', '', 0.04, 395),
(395, 'example1', '', 0.05, 396),
(396, 'example1', '', 0.07, 397),
(397, 'example1', '', 0.06, 398),
(398, 'example1', '', 0.06, 399),
(399, 'example1', '', 0.06, 400),
(400, 'example1', '', 0.07, 401),
(401, 'example1', '', 0.06, 402),
(402, 'example1', '', 0.06, 403),
(403, 'example1', '', 0.10, 404),
(404, 'example1', '', 0.06, 405),
(405, 'example1', '', 0.07, 406),
(406, 'example1', '', 0.07, 407),
(407, 'example1', '', 0.07, 408),
(408, 'example1', '', 0.06, 409),
(409, 'example1', '', 0.07, 410),
(410, 'example1', '', 0.06, 411),
(411, 'example1', '', 0.08, 412),
(412, 'example1', '', 0.08, 413),
(413, 'example1', '', 0.06, 414),
(414, 'example1', '', 0.35, 415),
(415, 'example1', '', 0.16, 416),
(416, 'example1', '', 0.09, 417),
(417, 'example1', '', 0.07, 418),
(418, 'example1', '', 0.06, 419),
(419, 'example1', '', 0.06, 420),
(420, 'example1', '', 0.06, 421),
(421, 'example1', '', 0.11, 422),
(422, 'example1', '', 0.05, 423),
(423, 'example1', '', 0.07, 424),
(424, 'example1', '', 0.04, 425),
(425, 'example1', '', 0.15, 426),
(426, 'example1', '', 0.07, 427),
(427, 'example1', '', 0.28, 428),
(428, 'example1', '', 0.07, 429),
(429, 'example1', '', 0.12, 430),
(430, 'example1', '', 0.26, 431),
(431, 'example1', '', 0.07, 432),
(432, 'example1', '', 0.07, 433),
(433, 'example1', '', 0.07, 434),
(434, 'example1', '', 0.07, 435),
(435, 'example1', '', 0.07, 436),
(436, 'example1', '', 0.13, 437),
(437, 'example1', '', 0.14, 438),
(438, 'example1', '', 0.06, 439),
(439, 'example1', '', 0.06, 440),
(440, 'example1', '', 0.17, 441),
(441, 'example1', '', 0.07, 442),
(442, 'example1', '', 0.06, 443),
(443, 'example1', '', 0.07, 444),
(444, 'example1', '', 0.07, 445),
(445, 'example1', '', 0.08, 446),
(446, 'example1', '', 0.07, 447),
(447, 'example1', '', 0.07, 448),
(448, 'example1', '', 0.07, 449),
(449, 'example1', '', 0.07, 450),
(450, 'example1', '', 0.06, 451),
(451, 'example1', '', 0.09, 452),
(452, 'example1', '', 0.07, 453),
(453, 'example1', '', 0.06, 454),
(454, 'example1', '', 0.06, 455),
(455, 'example1', '', 0.07, 456),
(456, 'example1', '', 0.18, 457),
(457, 'example1', '', 0.09, 458),
(458, 'example1', '', 0.05, 459),
(459, 'example1', '', 0.07, 460),
(460, 'example1', '', 0.21, 461),
(461, 'example1', '', 0.11, 462),
(462, 'example1', '', 0.07, 463),
(463, 'example1', '', 0.07, 464),
(464, 'example1', '', 0.10, 465),
(465, 'example1', '', 0.07, 466),
(466, 'example1', '', 0.07, 467),
(467, 'example1', '', 0.06, 468),
(468, 'example1', '', 0.07, 469),
(469, 'example1', '', 0.07, 470),
(470, 'example1', '', 0.06, 471),
(471, 'example1', '', 0.07, 472),
(472, 'example1', '', 0.06, 473),
(473, 'example1', '', 0.07, 474),
(474, 'example1', '', 0.08, 475),
(475, 'example1', '', 0.09, 476),
(476, 'example1', '', 0.09, 477),
(477, 'example1', '', 0.07, 478),
(478, 'example1', '', 0.07, 479),
(479, 'example1', '', 0.18, 480),
(480, 'example1', '', 0.07, 481),
(481, 'example1', '', 0.09, 482),
(482, 'example1', '', 0.06, 483),
(483, 'example1', '', 0.08, 484),
(484, 'example1', '', 0.07, 485),
(485, 'example1', '', 0.10, 486),
(486, 'example1', '', 0.07, 487),
(487, 'example1', '', 0.07, 488),
(488, 'example1', '', 0.09, 489),
(489, 'example1', '', 0.07, 490),
(490, 'example1', '', 0.07, 491),
(491, 'example1', '', 0.07, 492),
(492, 'example1', '', 0.06, 493),
(493, 'example1', '', 0.06, 494),
(494, 'example1', '', 0.08, 495),
(495, 'example1', '', 0.07, 496),
(496, 'example1', '', 0.07, 497),
(497, 'example1', '', 0.07, 498),
(498, 'example1', '', 0.08, 499),
(499, 'example1', '', 0.07, 500),
(500, 'example1', '', 0.07, 501),
(501, 'example1', '', 0.07, 502),
(502, 'example1', '', 0.07, 503),
(503, 'example1', '', 0.06, 504),
(504, 'example1', '', 0.07, 505),
(505, 'example1', '', 0.07, 506),
(506, 'example1', '', 0.09, 507),
(507, 'example1', '', 0.06, 508),
(508, 'example1', '', 0.06, 509),
(509, 'example1', '', 0.07, 510),
(510, 'example1', '', 0.06, 511),
(511, 'example1', '', 0.11, 512),
(512, 'example1', '', 0.08, 513),
(513, 'example1', '', 0.07, 514),
(514, 'example1', '', 0.09, 515),
(515, 'example1', '', 0.07, 516),
(516, 'example1', '', 0.08, 517),
(517, 'example1', '', 0.11, 518),
(518, 'example1', '', 0.06, 519),
(519, 'example1', '', 0.10, 520),
(520, 'example1', '', 0.08, 521),
(521, 'example1', '', 0.06, 522),
(522, 'example1', '', 0.07, 523),
(523, 'example1', '', 0.05, 524),
(524, 'example1', '', 0.06, 525),
(525, 'example1', '', 0.07, 526),
(526, 'example1', '', 0.09, 527),
(527, 'example1', '', 0.09, 528),
(528, 'example1', '', 0.09, 529),
(529, 'example1', '', 0.06, 530),
(530, 'example1', '', 0.06, 531),
(531, 'example1', '', 0.17, 532),
(532, 'example1', '', 0.22, 533),
(533, 'example1', '', 0.35, 534),
(534, 'example1', '', 0.06, 535),
(535, 'example1', '', 0.05, 536),
(536, 'example1', '', 0.07, 537),
(537, 'example1', '', 0.07, 538),
(538, 'example1', '', 0.07, 539),
(539, 'example1', '', 0.12, 540),
(540, 'example1', '', 0.05, 541),
(541, 'example1', '', 0.08, 542),
(542, 'example1', '', 0.06, 543),
(543, 'example1', '', 0.04, 544),
(544, 'example1', '', 0.06, 545),
(545, 'example1', '', 0.06, 546),
(546, 'example1', '', 0.07, 547),
(547, 'example1', '', 0.08, 548),
(548, 'example1', '', 0.07, 549),
(549, 'example1', '', 0.07, 550),
(550, 'example1', '', 0.10, 551),
(551, 'example1', '', 0.07, 552),
(552, 'example1', '', 0.07, 553),
(553, 'example1', '', 0.06, 554),
(554, 'example1', '', 0.07, 555),
(555, 'example1', '', 0.06, 556),
(556, 'example1', '', 0.07, 557),
(557, 'example1', '', 0.07, 558),
(558, 'example1', '', 0.06, 559),
(559, 'example1', '', 0.07, 560),
(560, 'example1', '', 0.07, 561),
(561, 'example1', '', 0.11, 562),
(562, 'example1', '', 0.07, 563),
(563, 'example1', '', 0.07, 564),
(564, 'example1', '', 0.10, 565),
(565, 'example1', '', 0.06, 566),
(566, 'example1', '', 0.07, 567),
(567, 'example1', '', 0.06, 568),
(568, 'example1', '', 0.07, 569),
(569, 'example1', '', 0.07, 570),
(570, 'example1', '', 0.07, 571),
(571, 'example1', '', 0.08, 572),
(572, 'example1', '', 0.07, 573),
(573, 'example1', '', 0.06, 574),
(574, 'example1', '', 0.06, 575),
(575, 'example1', '', 0.06, 576),
(576, 'example1', '', 0.06, 577),
(577, 'example1', '', 0.08, 578),
(578, 'example1', '', 0.08, 579),
(579, 'example1', '', 0.06, 580),
(580, 'example1', '', 0.06, 581),
(581, 'example1', '', 0.07, 582),
(582, 'example1', '', 0.07, 583),
(583, 'example1', '', 0.06, 584),
(584, 'example1', '', 0.07, 585),
(585, 'example1', '', 0.06, 586),
(586, 'example1', '', 0.07, 587),
(587, 'example1', '', 0.06, 588),
(588, 'example1', '', 0.09, 589),
(589, 'example1', '', 0.06, 590),
(590, 'example1', '', 0.06, 591),
(591, 'example1', '', 0.06, 592),
(592, 'example1', '', 0.09, 593),
(593, 'example1', '', 0.06, 594),
(594, 'example1', '', 0.12, 595),
(595, 'example1', '', 0.07, 596),
(596, 'example1', '', 0.07, 597),
(597, 'example1', '', 0.07, 598),
(598, 'example1', '', 0.06, 599),
(599, 'example1', '', 0.06, 600),
(600, 'example1', '', 0.06, 601),
(601, 'example1', '', 0.07, 602),
(602, 'example1', '', 0.06, 603),
(603, 'example1', '', 0.06, 604),
(604, 'example1', '', 0.07, 605),
(605, 'example1', '', 0.06, 606),
(606, 'example1', '', 0.06, 607),
(607, 'example1', '', 0.07, 608),
(608, 'example1', '', 0.07, 609),
(609, 'example1', '', 0.06, 610),
(610, 'example1', '', 0.06, 611),
(611, 'example1', '', 0.07, 612),
(612, 'example1', '', 0.07, 613),
(613, 'example1', '', 0.07, 614),
(614, 'example1', '', 0.07, 615),
(615, 'example1', '', 0.07, 616),
(616, 'example1', '', 0.07, 617),
(617, 'example1', '', 0.06, 618),
(618, 'example1', '', 0.07, 619),
(619, 'example1', '', 0.06, 620),
(620, 'example1', '', 0.06, 621),
(621, 'example1', '', 0.07, 622),
(622, 'example1', '', 0.06, 623),
(623, 'example1', '', 0.10, 624),
(624, 'example1', '', 0.06, 625),
(625, 'example1', '', 0.07, 626),
(626, 'example1', '', 0.04, 627),
(627, 'example1', '', 0.49, 628),
(628, 'example1', '', 0.06, 629),
(629, 'example1', '', 0.06, 630),
(630, 'example1', '', 0.06, 631),
(631, 'example1', '', 0.06, 632),
(632, 'example1', '', 0.06, 633),
(633, 'example1', '', 0.04, 634),
(634, 'example1', '', 0.05, 635),
(635, 'example1', '', 0.06, 636),
(636, 'example1', '', 0.06, 637),
(637, 'example1', '', 0.05, 638),
(638, 'example1', '', 0.06, 639),
(639, 'example1', '', 0.06, 640),
(640, 'example1', '', 0.06, 641),
(641, 'example1', '', 0.05, 642),
(642, 'example1', '', 0.06, 643),
(643, 'example1', '', 0.05, 644),
(644, 'example1', '', 0.06, 645),
(645, 'example1', '', 0.05, 646),
(646, 'example1', '', 0.06, 647),
(647, 'example1', '', 0.06, 648),
(648, 'example1', '', 0.06, 649),
(649, 'example1', '', 0.05, 650),
(650, 'example1', '', 0.06, 651),
(651, 'example1', '', 0.06, 652),
(652, 'example1', '', 0.05, 653),
(653, 'example1', '', 0.05, 654),
(654, 'example1', '', 0.06, 655),
(655, 'example1', '', 0.06, 656),
(656, 'example1', '', 0.05, 657),
(657, 'example1', '', 0.06, 658),
(658, 'example1', '', 0.05, 659),
(659, 'example1', '', 0.06, 660),
(660, 'example1', '', 0.06, 661),
(661, 'example1', '', 0.07, 662),
(662, 'example1', '', 0.06, 663),
(663, 'example1', '', 0.06, 664),
(664, 'example1', '', 0.06, 665),
(665, 'example1', '', 0.05, 666),
(666, 'example1', '', 0.06, 667),
(667, 'example1', '', 0.06, 668),
(668, 'example1', '', 0.05, 669),
(669, 'example1', '', 0.06, 670),
(670, 'example1', '', 0.06, 671),
(671, 'example1', '', 0.06, 672),
(672, 'example1', '', 0.08, 673),
(673, 'example1', '', 0.06, 674),
(674, 'example1', '', 0.07, 675),
(675, 'example1', '', 0.04, 676),
(676, 'example1', '', 0.06, 677),
(677, 'example1', '', 0.06, 678),
(678, 'example1', '', 0.06, 679),
(679, 'example1', '', 0.08, 680),
(680, 'example1', '', 0.05, 681),
(681, 'example1', '', 0.05, 682),
(682, 'example1', '', 0.05, 683),
(683, 'example1', '', 0.06, 684),
(684, 'example1', '', 0.07, 685),
(685, 'example1', '', 0.05, 686),
(686, 'example1', '', 0.05, 687),
(687, 'example1', '', 0.06, 688),
(688, 'example1', '', 0.12, 689),
(689, 'example1', '', 0.08, 690),
(690, 'example1', '', 0.32, 691),
(691, 'example1', '', 0.10, 692),
(692, 'example1', '', 0.06, 693),
(693, 'example1', '', 0.06, 694),
(694, 'example1', '', 0.06, 695),
(695, 'example1', '', 0.08, 696),
(696, 'example1', '', 0.06, 697),
(697, 'example1', '', 0.06, 698),
(698, 'example1', '', 0.06, 699),
(699, 'example1', '', 0.07, 700),
(700, 'example1', '', 0.06, 701),
(701, 'example1', '', 0.06, 702),
(702, 'example1', '', 0.10, 703),
(703, 'example1', '', 0.06, 704),
(704, 'example1', '', 0.06, 705),
(705, 'example1', '', 0.05, 706),
(706, 'example1', '', 0.06, 707),
(707, 'example1', '', 0.06, 708),
(708, 'example1', '', 0.05, 709),
(709, 'example1', '', 0.06, 710),
(710, 'example1', '', 0.03, 711),
(711, 'example1', '', 0.06, 712),
(712, 'example1', '', 0.06, 713),
(713, 'example1', '', 0.10, 714),
(714, 'example1', '', 0.05, 715),
(715, 'example1', '', 0.06, 716),
(716, 'example1', '', 0.06, 717),
(717, 'example1', '', 0.06, 718),
(718, 'example1', '', 0.08, 719),
(719, 'example1', '', 0.06, 720),
(720, 'example1', '', 0.08, 721),
(721, 'example1', '', 0.06, 722),
(722, 'example1', '', 0.06, 723),
(723, 'example1', '', 0.05, 724),
(724, 'example1', '', 0.06, 725),
(725, 'example1', '', 0.06, 726),
(726, 'example1', '', 0.07, 727),
(727, 'example1', '', 0.06, 728),
(728, 'example1', '', 0.11, 729),
(729, 'example1', '', 0.07, 730),
(730, 'example1', '', 0.10, 731),
(731, 'example1', '', 0.08, 732),
(732, 'example1', '', 0.12, 733),
(733, 'example1', '', 0.06, 734),
(734, 'example1', '', 0.11, 735),
(735, 'example1', '', 0.03, 736),
(736, 'example1', '', 0.07, 737),
(737, 'example1', '', 0.10, 738),
(738, 'example1', '', 0.14, 739),
(739, 'example1', '', 0.06, 740),
(740, 'example1', '', 0.06, 741),
(741, 'example1', '', 0.05, 742),
(742, 'example1', '', 0.06, 743),
(743, 'example1', '', 0.05, 744),
(744, 'example1', '', 0.06, 745),
(745, 'example1', '', 0.07, 746),
(746, 'example1', '', 0.06, 747),
(747, 'example1', '', 0.06, 748),
(748, 'example1', '', 0.09, 749),
(749, 'example1', '', 0.06, 750),
(750, 'example1', '', 0.05, 751),
(751, 'example1', '', 0.06, 752),
(752, 'example1', '', 0.06, 753),
(753, 'example1', '', 0.07, 754),
(754, 'example1', '', 0.06, 755),
(755, 'example1', '', 0.06, 756),
(756, 'example1', '', 0.06, 757),
(757, 'example1', '', 0.05, 758),
(758, 'example1', '', 0.06, 759),
(759, 'example1', '', 0.12, 760),
(760, 'example1', '', 0.07, 761),
(761, 'example1', '', 0.05, 762),
(762, 'example1', '', 0.10, 763),
(763, 'example1', '', 0.05, 764),
(764, 'example1', '', 0.06, 765),
(765, 'example1', '', 0.08, 766),
(766, 'example1', '', 0.06, 767),
(767, 'example1', '', 0.06, 768),
(768, 'example1', '', 0.06, 769),
(769, 'example1', '', 0.08, 770),
(770, 'example1', '', 0.11, 771),
(771, 'example1', '', 0.06, 772),
(772, 'example1', '', 0.06, 773),
(773, 'example1', '', 0.05, 774),
(774, 'example1', '', 0.06, 775),
(775, 'example1', '', 0.06, 776),
(776, 'example1', '', 0.05, 777),
(777, 'example1', '', 0.05, 778),
(778, 'example1', '', 0.12, 779),
(779, 'example1', '', 0.07, 780),
(780, 'example1', '', 0.09, 781),
(781, 'example1', '', 0.12, 782),
(782, 'example1', '', 0.06, 783),
(783, 'example1', '', 0.05, 784),
(784, 'example1', '', 0.05, 785),
(785, 'example1', '', 0.05, 786),
(786, 'example1', '', 0.04, 787),
(787, 'example1', '', 0.06, 788),
(788, 'example1', '', 0.06, 789),
(789, 'example1', '', 0.07, 790),
(790, 'example1', '', 0.08, 791),
(791, 'example1', '', 0.05, 792),
(792, 'example1', '', 0.39, 793),
(793, 'example1', '', 0.04, 794),
(794, 'example1', '', 0.05, 795),
(795, 'example1', '', 0.05, 796),
(796, 'example1', '', 0.05, 797),
(797, 'example1', '', 0.05, 798),
(798, 'example1', '', 0.04, 799),
(799, 'example1', '', 0.06, 800),
(800, 'example1', '', 0.03, 801),
(801, 'example1', '', 0.06, 802),
(802, 'example1', '', 0.05, 803),
(803, 'example1', '', 0.09, 804),
(804, 'example1', '', 0.04, 805),
(805, 'example1', '', 0.14, 806),
(806, 'example1', '', 0.05, 807),
(807, 'example1', '', 0.05, 808),
(808, 'example1', '', 0.06, 809),
(809, 'example1', '', 0.05, 810),
(810, 'example1', '', 0.06, 811),
(811, 'example1', '', 0.05, 812),
(812, 'example1', '', 0.05, 813),
(813, 'example1', '', 0.04, 814),
(814, 'example1', '', 0.08, 815),
(815, 'example1', '', 0.06, 816),
(816, 'example1', '', 0.05, 817),
(817, 'example1', '', 0.06, 818),
(818, 'example1', '', 0.06, 819),
(819, 'example1', '', 0.07, 820),
(820, 'example1', '', 0.06, 821),
(821, 'example1', '', 0.07, 822),
(822, 'example1', '', 0.21, 823),
(823, 'example1', '', 0.03, 824),
(824, 'example1', '', 0.05, 825),
(825, 'example1', '', 0.10, 826),
(826, 'example1', '', 0.06, 827),
(827, 'example1', '', 0.05, 828),
(828, 'example1', '', 0.06, 829),
(829, 'example1', '', 0.06, 830),
(830, 'example1', '', 0.06, 831),
(831, 'example1', '', 0.06, 832),
(832, 'example1', '', 0.05, 833),
(833, 'example1', '', 0.06, 834),
(834, 'example1', '', 0.05, 835),
(835, 'example1', '', 0.05, 836),
(836, 'example1', '', 0.10, 837),
(837, 'example1', '', 0.07, 838),
(838, 'example1', '', 0.06, 839),
(839, 'example1', '', 0.05, 840),
(840, 'example1', '', 0.06, 841),
(841, 'example1', '', 0.06, 842),
(842, 'example1', '', 0.05, 843),
(843, 'example1', '', 0.06, 844),
(844, 'example1', '', 0.06, 845),
(845, 'example1', '', 0.05, 846),
(846, 'example1', '', 0.05, 847),
(847, 'example1', '', 0.10, 848),
(848, 'example1', '', 0.20, 849),
(849, 'example1', '', 0.07, 850),
(850, 'example1', '', 0.08, 851),
(851, 'example1', '', 0.06, 852),
(852, 'example1', '', 0.05, 853),
(853, 'example1', '', 0.11, 854),
(854, 'example1', '', 0.10, 855),
(855, 'example1', '', 0.12, 856),
(856, 'example1', '', 0.05, 857),
(857, 'example1', '', 0.09, 858),
(858, 'example1', '', 0.18, 859),
(859, 'example1', '', 0.10, 860),
(860, 'example1', '', 0.05, 861),
(861, 'example1', '', 0.15, 862),
(862, 'example1', '', 0.17, 863),
(863, 'example1', '', 0.17, 864),
(864, 'example1', '', 0.06, 865),
(865, 'example1', '', 0.05, 866),
(866, 'example1', '', 0.05, 867),
(867, 'example1', '', 0.06, 868),
(868, 'example1', '', 0.05, 869),
(869, 'example1', '', 0.06, 870),
(870, 'example1', '', 0.05, 871),
(871, 'example1', '', 0.05, 872),
(872, 'example1', '', 0.06, 873),
(873, 'example1', '', 0.05, 874),
(874, 'example1', '', 0.05, 875),
(875, 'example1', '', 0.05, 876),
(876, 'example1', '', 0.05, 877),
(877, 'example1', '', 0.06, 878),
(878, 'example1', '', 0.05, 879),
(879, 'example1', '', 0.08, 880),
(880, 'example1', '', 0.10, 881),
(881, 'example1', '', 0.06, 882),
(882, 'example1', '', 0.06, 883),
(883, 'example1', '', 0.05, 884),
(884, 'example1', '', 0.05, 885),
(885, 'example1', '', 0.06, 886),
(886, 'example1', '', 0.06, 887),
(887, 'example1', '', 0.06, 888),
(888, 'example1', '', 0.05, 889),
(889, 'example1', '', 0.06, 890),
(890, 'example1', '', 0.06, 891),
(891, 'example1', '', 0.09, 892),
(892, 'example1', '', 0.06, 893),
(893, 'example1', '', 0.05, 894),
(894, 'example1', '', 0.06, 895),
(895, 'example1', '', 0.08, 896),
(896, 'example1', '', 0.05, 897),
(897, 'example1', '', 0.05, 898),
(898, 'example1', '', 0.06, 899),
(899, 'example1', '', 0.06, 900),
(900, 'example1', '', 0.06, 901),
(901, 'example1', '', 0.06, 902),
(902, 'example1', '', 0.08, 903),
(903, 'example1', '', 0.03, 904),
(904, 'example1', '', 0.05, 905),
(905, 'example1', '', 0.05, 906),
(906, 'example1', '', 0.07, 907),
(907, 'example1', '', 0.06, 908),
(908, 'example1', '', 0.05, 909),
(909, 'example1', '', 0.06, 910),
(910, 'example1', '', 0.03, 911),
(911, 'example1', '', 0.06, 912),
(912, 'example1', '', 0.07, 913),
(913, 'example1', '', 0.10, 914),
(914, 'example1', '', 0.06, 915),
(915, 'example1', '', 0.05, 916),
(916, 'example1', '', 0.05, 917),
(917, 'example1', '', 0.04, 918),
(918, 'example1', '', 0.05, 919),
(919, 'example1', '', 0.05, 920),
(920, 'example1', '', 0.05, 921),
(921, 'example1', '', 0.05, 922),
(922, 'example1', '', 0.05, 923),
(923, 'example1', '', 0.05, 924),
(924, 'example1', '', 0.05, 925),
(925, 'example1', '', 0.06, 926),
(926, 'example1', '', 0.06, 927),
(927, 'example1', '', 0.05, 928),
(928, 'example1', '', 0.05, 929),
(929, 'example1', '', 0.06, 930),
(930, 'example1', '', 0.05, 931),
(931, 'example1', '', 0.08, 932),
(932, 'example1', '', 0.06, 933),
(933, 'example1', '', 0.14, 934),
(934, 'example1', '', 0.15, 935),
(935, 'example1', '', 0.09, 936),
(936, 'example1', '', 0.13, 937),
(937, 'example1', '', 0.08, 938),
(938, 'example1', '', 0.14, 939),
(939, 'example1', '', 0.08, 940),
(940, 'example1', '', 0.12, 941),
(941, 'example1', '', 0.04, 942),
(942, 'example1', '', 0.05, 943),
(943, 'example1', '', 0.04, 944),
(944, 'example1', '', 0.10, 945),
(945, 'example1', '', 0.05, 946),
(946, 'example1', '', 0.03, 947),
(947, 'example1', '', 0.05, 948),
(948, 'example1', '', 0.05, 949),
(949, 'example1', '', 0.06, 950),
(950, 'example1', '', 0.04, 951),
(951, 'example1', '', 0.05, 952),
(952, 'example1', '', 0.04, 953),
(953, 'example1', '', 0.06, 954),
(954, 'example1', '', 0.03, 955),
(955, 'example1', '', 0.06, 956),
(956, 'example1', '', 0.05, 957),
(957, 'example1', '', 0.04, 958),
(958, 'example1', '', 0.05, 959),
(959, 'example1', '', 0.06, 960),
(960, 'example1', '', 0.05, 961),
(961, 'example1', '', 0.05, 962),
(962, 'example1', '', 0.04, 963),
(963, 'example1', '', 0.05, 964),
(964, 'example1', '', 0.07, 965),
(965, 'example1', '', 0.06, 966),
(966, 'example1', '', 0.06, 967),
(967, 'example1', '', 0.05, 968),
(968, 'example1', '', 0.04, 969),
(969, 'example1', '', 0.07, 970),
(970, 'example1', '', 0.05, 971),
(971, 'example1', '', 0.05, 972),
(972, 'example1', '', 0.34, 973),
(973, 'example1', '', 0.05, 974),
(974, 'example1', '', 0.08, 975),
(975, 'example1', '', 0.05, 976),
(976, 'example1', '', 0.04, 977),
(977, 'example1', '', 0.04, 978),
(978, 'example1', '', 0.05, 979),
(979, 'example1', '', 0.04, 980),
(980, 'example1', '', 0.03, 981),
(981, 'example1', '', 0.05, 982),
(982, 'example1', '', 0.04, 983),
(983, 'example1', '', 0.05, 984),
(984, 'example1', '', 0.05, 985),
(985, 'example1', '', 0.05, 986),
(986, 'example1', '', 0.05, 987),
(987, 'example1', '', 0.12, 988),
(988, 'example1', '', 0.05, 989),
(989, 'example1', '', 0.05, 990),
(990, 'example1', '', 0.04, 991),
(991, 'example1', '', 0.05, 992),
(992, 'example1', '', 0.05, 993),
(993, 'example1', '', 0.04, 994),
(994, 'example1', '', 0.06, 995),
(995, 'example1', '', 0.09, 996),
(996, 'example1', '', 0.13, 997),
(997, 'example1', '', 0.08, 998),
(998, 'example1', '', 0.13, 999),
(999, 'example1', '', 0.09, 1000),
(1000, 'example1', '', 0.07, 1001),
(1001, 'example1', '', 0.07, 1002),
(1002, 'example1', '', 0.11, 1003),
(1003, 'example1', '', 0.06, 1004),
(1004, 'example1', '', 0.09, 1005),
(1005, 'example1', '', 0.07, 1006),
(1006, 'example1', '', 0.06, 1007),
(1007, 'example1', '', 0.06, 1008),
(1008, 'example1', '', 0.06, 1009),
(1009, 'example1', '', 0.06, 1010),
(1010, 'example1', '', 0.06, 1011),
(1011, 'example1', '', 0.06, 1012),
(1012, 'example1', '', 0.06, 1013),
(1013, 'example1', '', 0.06, 1014),
(1014, 'example1', '', 0.07, 1015),
(1015, 'example1', '', 0.06, 1016),
(1016, 'example1', '', 0.06, 1017),
(1017, 'example1', '', 0.07, 1018),
(1018, 'example1', '', 0.07, 1019),
(1019, 'example1', '', 0.07, 1020),
(1020, 'example1', '', 0.07, 1021),
(1021, 'example1', '', 0.06, 1022),
(1022, 'example1', '', 0.06, 1023),
(1023, 'example1', '', 0.06, 1024),
(1024, 'example1', '', 0.06, 1025),
(1025, 'example1', '', 0.07, 1026),
(1026, 'example1', '', 0.10, 1027),
(1027, 'example1', '', 0.42, 1028),
(1028, 'example1', '', 0.08, 1029),
(1029, 'example1', '', 0.07, 1030),
(1030, 'example1', '', 0.07, 1031),
(1031, 'example1', '', 0.06, 1032),
(1032, 'example1', '', 0.39, 1033),
(1033, 'example1', '', 0.07, 1034),
(1034, 'example1', '', 0.06, 1035),
(1035, 'example1', '', 0.06, 1036),
(1036, 'example1', '', 0.11, 1037),
(1037, 'example1', '', 0.06, 1038),
(1038, 'example1', '', 0.06, 1039),
(1039, 'example1', '', 0.06, 1040),
(1040, 'example1', '', 0.06, 1041),
(1041, 'example1', '', 0.06, 1042),
(1042, 'example1', '', 0.06, 1043),
(1043, 'example1', '', 0.06, 1044),
(1044, 'example1', '', 0.11, 1045),
(1045, 'example1', '', 0.06, 1046),
(1046, 'example1', '', 0.07, 1047),
(1047, 'example1', '', 0.06, 1048),
(1048, 'example1', '', 0.06, 1049),
(1049, 'example1', '', 0.07, 1050),
(1050, 'example1', '', 0.06, 1051),
(1051, 'example1', '', 0.07, 1052),
(1052, 'example1', '', 0.07, 1053),
(1053, 'example1', '', 0.07, 1054),
(1054, 'example1', '', 0.07, 1055),
(1055, 'example1', '', 0.05, 1056),
(1056, 'example1', '', 0.06, 1057),
(1057, 'example1', '', 0.07, 1058),
(1058, 'example1', '', 0.06, 1059),
(1059, 'example1', '', 0.07, 1060),
(1060, 'example1', '', 0.06, 1061),
(1061, 'example1', '', 0.06, 1062),
(1062, 'example1', '', 0.07, 1063),
(1063, 'example1', '', 0.06, 1064),
(1064, 'example1', '', 0.07, 1065),
(1065, 'example1', '', 0.06, 1066),
(1066, 'example1', '', 0.09, 1067),
(1067, 'example1', '', 0.06, 1068),
(1068, 'example1', '', 0.05, 1069),
(1069, 'example1', '', 0.05, 1070),
(1070, 'example1', '', 0.05, 1071),
(1071, 'example1', '', 0.05, 1072),
(1072, 'example1', '', 0.06, 1073),
(1073, 'example1', '', 0.05, 1074),
(1074, 'example1', '', 0.07, 1075),
(1075, 'example1', '', 0.05, 1076),
(1076, 'example1', '', 0.05, 1077),
(1077, 'example1', '', 0.07, 1078),
(1078, 'example1', '', 0.06, 1079),
(1079, 'example1', '', 0.06, 1080),
(1080, 'example1', '', 0.06, 1081),
(1081, 'example1', '', 0.06, 1082),
(1082, 'example1', '', 0.05, 1083),
(1083, 'example1', '', 0.05, 1084),
(1084, 'example1', '', 0.04, 1085),
(1085, 'example1', '', 0.06, 1086),
(1086, 'example1', '', 0.06, 1087),
(1087, 'example1', '', 0.10, 1088),
(1088, 'example1', '', 0.06, 1089),
(1089, 'example1', '', 0.16, 1090),
(1090, 'example1', '', 0.07, 1091),
(1091, 'example1', '', 0.06, 1092),
(1092, 'example1', '', 0.06, 1093),
(1093, 'example1', '', 0.06, 1094),
(1094, 'example1', '', 0.08, 1095),
(1095, 'example1', '', 0.06, 1096),
(1096, 'example1', '', 0.06, 1097),
(1097, 'example1', '', 0.06, 1098),
(1098, 'example1', '', 0.10, 1099),
(1099, 'example1', '', 0.05, 1100),
(1100, 'example1', '', 0.06, 1101),
(1101, 'example1', '', 0.06, 1102),
(1102, 'example1', '', 0.06, 1103),
(1103, 'example1', '', 0.10, 1104),
(1104, 'example1', '', 0.06, 1105),
(1105, 'example1', '', 0.06, 1106),
(1106, 'example1', '', 0.06, 1107),
(1107, 'example1', '', 0.08, 1108),
(1108, 'example1', '', 0.07, 1109),
(1109, 'example1', '', 0.07, 1110),
(1110, 'example1', '', 0.06, 1111),
(1111, 'example1', '', 0.05, 1112),
(1112, 'example1', '', 0.05, 1113),
(1113, 'example1', '', 0.09, 1114),
(1114, 'example1', '', 0.05, 1115),
(1115, 'example1', '', 0.05, 1116),
(1116, 'example1', '', 0.09, 1117),
(1117, 'example1', '', 0.08, 1118),
(1118, 'example1', '', 0.05, 1119),
(1119, 'example1', '', 0.05, 1120),
(1120, 'example1', '', 0.05, 1121),
(1121, 'example1', '', 0.05, 1122),
(1122, 'example1', '', 0.08, 1123),
(1123, 'example1', '', 0.06, 1124),
(1124, 'example1', '', 0.06, 1125),
(1125, 'example1', '', 0.04, 1126),
(1126, 'example1', '', 0.05, 1127),
(1127, 'example1', '', 0.05, 1128),
(1128, 'example1', '', 0.05, 1129),
(1129, 'example1', '', 0.05, 1130),
(1130, 'example1', '', 0.06, 1131),
(1131, 'example1', '', 0.05, 1132),
(1132, 'example1', '', 0.06, 1133),
(1133, 'example1', '', 0.05, 1134),
(1134, 'example1', '', 0.05, 1135),
(1135, 'example1', '', 0.06, 1136),
(1136, 'example1', '', 0.05, 1137),
(1137, 'example1', '', 0.05, 1138),
(1138, 'example1', '', 0.05, 1139),
(1139, 'example1', '', 0.05, 1140),
(1140, 'example1', '', 0.05, 1141),
(1141, 'example1', '', 0.05, 1142),
(1142, 'example1', '', 0.10, 1143),
(1143, 'example1', '', 0.04, 1144),
(1144, 'example1', '', 0.05, 1145),
(1145, 'example1', '', 0.05, 1146),
(1146, 'example1', '', 0.05, 1147),
(1147, 'example1', '', 0.10, 1148),
(1148, 'example1', '', 0.05, 1149),
(1149, 'example1', '', 0.07, 1150),
(1150, 'example1', '', 0.08, 1151),
(1151, 'example1', '', 0.07, 1152),
(1152, 'example1', '', 0.03, 1153),
(1153, 'example1', '', 0.06, 1154),
(1154, 'example1', '', 0.06, 1155),
(1155, 'example1', '', 0.05, 1156),
(1156, 'example1', '', 0.06, 1157),
(1157, 'example1', '', 0.06, 1158),
(1158, 'example1', '', 0.06, 1159),
(1159, 'example1', '', 0.06, 1160),
(1160, 'example1', '', 0.06, 1161),
(1161, 'example1', '', 0.05, 1162),
(1162, 'example1', '', 0.06, 1163),
(1163, 'example1', '', 0.08, 1164),
(1164, 'example1', '', 0.06, 1165),
(1165, 'example1', '', 0.04, 1166),
(1166, 'example1', '', 0.06, 1167),
(1167, 'example1', '', 0.06, 1168),
(1168, 'example1', '', 0.05, 1169),
(1169, 'example1', '', 0.06, 1170),
(1170, 'example1', '', 0.05, 1171),
(1171, 'example1', '', 0.05, 1172),
(1172, 'example1', '', 0.06, 1173),
(1173, 'example1', '', 0.05, 1174),
(1174, 'example1', '', 0.06, 1175),
(1175, 'example1', '', 0.08, 1176),
(1176, 'example1', '', 0.05, 1177),
(1177, 'example1', '', 0.06, 1178),
(1178, 'example1', '', 0.06, 1179),
(1179, 'example1', '', 0.05, 1180),
(1180, 'example1', '', 0.05, 1181),
(1181, 'example1', '', 0.06, 1182),
(1182, 'example1', '', 0.05, 1183),
(1183, 'example1', '', 0.05, 1184),
(1184, 'example1', '', 0.07, 1185),
(1185, 'example1', '', 0.06, 1186),
(1186, 'example1', '', 0.06, 1187),
(1187, 'example1', '', 0.08, 1188),
(1188, 'example1', '', 0.05, 1189),
(1189, 'example1', '', 0.08, 1190),
(1190, 'example1', '', 0.06, 1191),
(1191, 'example1', '', 0.06, 1192),
(1192, 'example1', '', 0.06, 1193),
(1193, 'example1', '', 0.05, 1194),
(1194, 'example1', '', 0.05, 1195),
(1195, 'example1', '', 0.05, 1196),
(1196, 'example1', '', 0.05, 1197),
(1197, 'example1', '', 0.06, 1198),
(1198, 'example1', '', 0.07, 1199),
(1199, 'example1', '', 0.05, 1200),
(1200, 'example1', '', 0.05, 1201),
(1201, 'example1', '', 0.05, 1202),
(1202, 'example1', '', 0.05, 1203),
(1203, 'example1', '', 0.05, 1204),
(1204, 'example1', '', 0.05, 1205),
(1205, 'example1', '', 0.06, 1206),
(1206, 'example1', '', 0.05, 1207),
(1207, 'example1', '', 0.06, 1208),
(1208, 'example1', '', 0.05, 1209),
(1209, 'example1', '', 0.07, 1210),
(1210, 'example1', '', 0.06, 1211),
(1211, 'example1', '', 0.07, 1212),
(1212, 'example1', '', 0.08, 1213),
(1213, 'example1', '', 0.06, 1214),
(1214, 'example1', '', 0.07, 1215),
(1215, 'example1', '', 0.10, 1216),
(1216, 'example1', '', 0.05, 1217),
(1217, 'example1', '', 0.05, 1218),
(1218, 'example1', '', 0.08, 1219),
(1219, 'example1', '', 0.06, 1220),
(1220, 'example1', '', 0.06, 1221),
(1221, 'example1', '', 0.06, 1222),
(1222, 'example1', '', 0.06, 1223),
(1223, 'example1', '', 0.06, 1224),
(1224, 'example1', '', 0.06, 1225),
(1225, 'example1', '', 0.05, 1226),
(1226, 'example1', '', 0.05, 1227),
(1227, 'example1', '', 0.07, 1228),
(1228, 'example1', '', 0.05, 1229),
(1229, 'example1', '', 0.06, 1230),
(1230, 'example1', '', 0.05, 1231),
(1231, 'example1', '', 0.06, 1232),
(1232, 'example1', '', 0.06, 1233),
(1233, 'example1', '', 0.06, 1234),
(1234, 'example1', '', 0.06, 1235),
(1235, 'example1', '', 0.05, 1236),
(1236, 'example1', '', 0.05, 1237),
(1237, 'example1', '', 0.06, 1238),
(1238, 'example1', '', 0.05, 1239),
(1239, 'example1', '', 0.06, 1240),
(1240, 'example1', '', 0.06, 1241),
(1241, 'example1', '', 0.05, 1242),
(1242, 'example1', '', 0.06, 1243),
(1243, 'example1', '', 0.05, 1244),
(1244, 'example1', '', 0.06, 1245),
(1245, 'example1', '', 0.05, 1246),
(1246, 'example1', '', 0.06, 1247),
(1247, 'example1', '', 0.06, 1248),
(1248, 'example1', '', 0.06, 1249),
(1249, 'example1', '', 0.06, 1250),
(1250, 'example1', '', 0.06, 1251),
(1251, 'example1', '', 0.07, 1252),
(1252, 'example1', '', 0.06, 1253),
(1253, 'example1', '', 0.06, 1254),
(1254, 'example1', '', 0.06, 1255),
(1255, 'example1', '', 0.05, 1256),
(1256, 'example1', '', 0.06, 1257),
(1257, 'example1', '', 0.06, 1258),
(1258, 'example1', '', 0.06, 1259),
(1259, 'example1', '', 0.05, 1260),
(1260, 'example1', '', 0.05, 1261),
(1261, 'example1', '', 0.05, 1262),
(1262, 'example1', '', 0.06, 1263),
(1263, 'example1', '', 0.06, 1264),
(1264, 'example1', '', 0.05, 1265),
(1265, 'example1', '', 0.06, 1266),
(1266, 'example1', '', 0.06, 1267),
(1267, 'example1', '', 0.05, 1268),
(1268, 'example1', '', 0.06, 1269),
(1269, 'example1', '', 0.05, 1270),
(1270, 'example1', '', 0.05, 1271),
(1271, 'example1', '', 0.06, 1272),
(1272, 'example1', '', 0.05, 1273),
(1273, 'example1', '', 0.06, 1274),
(1274, 'example1', '', 0.07, 1275),
(1275, 'example1', '', 0.05, 1276),
(1276, 'example1', '', 0.06, 1277),
(1277, 'example1', '', 0.07, 1278),
(1278, 'example1', '', 0.06, 1279),
(1279, 'example1', '', 0.05, 1280),
(1280, 'example1', '', 0.06, 1281),
(1281, 'example1', '', 0.06, 1282),
(1282, 'example1', '', 0.05, 1283),
(1283, 'example1', '', 0.05, 1284),
(1284, 'example1', '', 0.05, 1285),
(1285, 'example1', '', 0.06, 1286),
(1286, 'example1', '', 0.06, 1287),
(1287, 'example1', '', 0.06, 1288),
(1288, 'example1', '', 0.05, 1289),
(1289, 'example1', '', 0.06, 1290),
(1290, 'example1', '', 0.07, 1291),
(1291, 'example1', '', 0.05, 1292),
(1292, 'example1', '', 0.05, 1293),
(1293, 'example1', '', 0.05, 1294),
(1294, 'example1', '', 0.06, 1295),
(1295, 'example1', '', 0.05, 1296),
(1296, 'example1', '', 0.06, 1297),
(1297, 'example1', '', 0.07, 1298),
(1298, 'example1', '', 0.06, 1299),
(1299, 'example1', '', 0.05, 1300),
(1300, 'example1', '', 0.05, 1301),
(1301, 'example1', '', 0.06, 1302),
(1302, 'example1', '', 0.06, 1303),
(1303, 'example1', '', 0.06, 1304),
(1304, 'example1', '', 0.06, 1305),
(1305, 'example1', '', 0.06, 1306),
(1306, 'example1', '', 0.06, 1307),
(1307, 'example1', '', 0.06, 1308),
(1308, 'example1', '', 0.06, 1309),
(1309, 'example1', '', 0.07, 1310),
(1310, 'example1', '', 0.06, 1311),
(1311, 'example1', '', 0.05, 1312),
(1312, 'example1', '', 0.05, 1313),
(1313, 'example1', '', 0.06, 1314),
(1314, 'example1', '', 0.06, 1315),
(1315, 'example1', '', 0.05, 1316),
(1316, 'example1', '', 0.06, 1317),
(1317, 'example1', '', 0.05, 1318),
(1318, 'example1', '', 0.06, 1319),
(1319, 'example1', '', 0.05, 1320),
(1320, 'example1', '', 0.12, 1321),
(1321, 'example1', '', 0.03, 1322),
(1322, 'example1', '', 0.09, 1323),
(1323, 'example1', '', 0.13, 1324),
(1324, 'example1', '', 0.04, 1325),
(1325, 'example1', '', 0.05, 1326),
(1326, 'example1', '', 0.05, 1327),
(1327, 'example1', '', 0.09, 1328),
(1328, 'example1', '', 0.05, 1329),
(1329, 'example1', '', 0.10, 1330),
(1330, 'example1', '', 0.10, 1331),
(1331, 'example1', '', 0.05, 1332),
(1332, 'example1', '', 0.05, 1333),
(1333, 'example1', '', 0.05, 1334),
(1334, 'example1', '', 0.06, 1335),
(1335, 'example1', '', 0.06, 1336),
(1336, 'example1', '', 0.06, 1337),
(1337, 'example1', '', 0.05, 1338),
(1338, 'example1', '', 0.06, 1339),
(1339, 'example1', '', 0.06, 1340),
(1340, 'example1', '', 0.06, 1341),
(1341, 'example1', '', 0.05, 1342),
(1342, 'example1', '', 0.06, 1343),
(1343, 'example1', '', 0.05, 1344),
(1344, 'example1', '', 0.06, 1345),
(1345, 'example1', '', 0.05, 1346),
(1346, 'example1', '', 0.06, 1347),
(1347, 'example1', '', 0.06, 1348),
(1348, 'example1', '', 0.05, 1349),
(1349, 'example1', '', 0.05, 1350),
(1350, 'example1', '', 0.10, 1351),
(1351, 'example1', '', 0.03, 1352),
(1352, 'example1', '', 0.08, 1353),
(1353, 'example1', '', 0.05, 1354),
(1354, 'example1', '', 0.05, 1355),
(1355, 'example1', '', 0.05, 1356),
(1356, 'example1', '', 0.07, 1357),
(1357, 'example1', '', 0.06, 1358),
(1358, 'example1', '', 0.06, 1359),
(1359, 'example1', '', 0.06, 1360),
(1360, 'example1', '', 0.05, 1361),
(1361, 'example1', '', 0.05, 1362),
(1362, 'example1', '', 0.05, 1363),
(1363, 'example1', '', 0.04, 1364),
(1364, 'example1', '', 0.05, 1365),
(1365, 'example1', '', 0.06, 1366),
(1366, 'example1', '', 0.06, 1367),
(1367, 'example1', '', 0.07, 1368),
(1368, 'example1', '', 0.05, 1369),
(1369, 'example1', '', 0.05, 1370),
(1370, 'example1', '', 0.05, 1371),
(1371, 'example1', '', 0.05, 1372),
(1372, 'example1', '', 0.06, 1373),
(1373, 'example1', '', 0.05, 1374),
(1374, 'example1', '', 0.05, 1375),
(1375, 'example1', '', 0.06, 1376),
(1376, 'example1', '', 0.06, 1377),
(1377, 'example1', '', 0.06, 1378),
(1378, 'example1', '', 0.06, 1379),
(1379, 'example1', '', 0.06, 1380),
(1380, 'example1', '', 0.07, 1381),
(1381, 'example1', '', 0.05, 1382),
(1382, 'example1', '', 0.06, 1383),
(1383, 'example1', '', 0.06, 1384),
(1384, 'example1', '', 0.06, 1385),
(1385, 'example1', '', 0.07, 1386),
(1386, 'example1', '', 0.09, 1387),
(1387, 'example1', '', 0.08, 1388),
(1388, 'example1', '', 0.06, 1389),
(1389, 'example1', '', 0.06, 1390),
(1390, 'example1', '', 0.06, 1391),
(1391, 'example1', '', 0.07, 1392),
(1392, 'example1', '', 0.06, 1393),
(1393, 'example1', '', 0.06, 1394),
(1394, 'example1', '', 0.07, 1395),
(1395, 'example1', '', 0.07, 1396),
(1396, 'example1', '', 0.07, 1397),
(1397, 'example1', '', 0.06, 1398),
(1398, 'example1', '', 0.06, 1399),
(1399, 'example1', '', 0.06, 1400),
(1400, 'example1', '', 0.07, 1401),
(1401, 'example1', '', 0.06, 1402),
(1402, 'example1', '', 0.06, 1403),
(1403, 'example1', '', 0.06, 1404),
(1404, 'example1', '', 0.06, 1405),
(1405, 'example1', '', 0.06, 1406),
(1406, 'example1', '', 0.06, 1407),
(1407, 'example1', '', 0.06, 1408),
(1408, 'example1', '', 0.03, 1409),
(1409, 'example1', '', 0.06, 1410),
(1410, 'example1', '', 0.07, 1411),
(1411, 'example1', '', 0.07, 1412),
(1412, 'example1', '', 0.06, 1413),
(1413, 'example1', '', 0.07, 1414),
(1414, 'example1', '', 0.06, 1415),
(1415, 'example1', '', 0.06, 1416),
(1416, 'example1', '', 0.06, 1417),
(1417, 'example1', '', 0.06, 1418),
(1418, 'example1', '', 0.07, 1419),
(1419, 'example1', '', 0.06, 1420),
(1420, 'example1', '', 0.06, 1421),
(1421, 'example1', '', 0.06, 1422),
(1422, 'example1', '', 0.06, 1423),
(1423, 'example1', '', 0.06, 1424),
(1424, 'example1', '', 0.06, 1425),
(1425, 'example1', '', 0.06, 1426),
(1426, 'example1', '', 0.06, 1427),
(1427, 'example1', '', 0.06, 1428),
(1428, 'example1', '', 0.06, 1429),
(1429, 'example1', '', 0.05, 1430),
(1430, 'example1', '', 0.06, 1431),
(1431, 'example1', '', 0.06, 1432),
(1432, 'example1', '', 0.06, 1433),
(1433, 'example1', '', 0.06, 1434),
(1434, 'example1', '', 0.05, 1435),
(1435, 'example1', '', 0.06, 1436),
(1436, 'example1', '', 0.06, 1437),
(1437, 'example1', '', 0.06, 1438),
(1438, 'example1', '', 0.09, 1439),
(1439, 'example1', '', 0.06, 1440),
(1440, 'example1', '', 0.05, 1441),
(1441, 'example1', '', 0.06, 1442),
(1442, 'example1', '', 0.06, 1443),
(1443, 'example1', '', 0.06, 1444),
(1444, 'example1', '', 0.06, 1445),
(1445, 'example1', '', 0.09, 1446),
(1446, 'example1', '', 0.11, 1447),
(1447, 'example1', '', 0.06, 1448),
(1448, 'example1', '', 0.05, 1449),
(1449, 'example1', '', 0.04, 1450),
(1450, 'example1', '', 0.05, 1451),
(1451, 'example1', '', 0.08, 1452),
(1452, 'example1', '', 0.06, 1453),
(1453, 'example1', '', 0.06, 1454),
(1454, 'example1', '', 0.07, 1455),
(1455, 'example1', '', 0.06, 1456),
(1456, 'example1', '', 0.06, 1457),
(1457, 'example1', '', 0.08, 1458),
(1458, 'example1', '', 0.06, 1459),
(1459, 'example1', '', 0.06, 1460),
(1460, 'example1', '', 0.08, 1461),
(1461, 'example1', '', 0.06, 1462),
(1462, 'example1', '', 0.06, 1463),
(1463, 'example1', '', 0.10, 1464),
(1464, 'example1', '', 0.08, 1465),
(1465, 'example1', '', 0.07, 1466),
(1466, 'example1', '', 0.07, 1467),
(1467, 'example1', '', 0.08, 1468),
(1468, 'example1', '', 0.07, 1469),
(1469, 'example1', '', 0.05, 1470),
(1470, 'example1', '', 0.10, 1471),
(1471, 'example1', '', 0.07, 1472),
(1472, 'example1', '', 0.11, 1473),
(1473, 'example1', '', 0.04, 1474),
(1474, 'example1', '', 0.06, 1475),
(1475, 'example1', '', 0.06, 1476),
(1476, 'example1', '', 0.12, 1477),
(1477, 'example1', '', 0.10, 1478),
(1478, 'example1', '', 0.07, 1479),
(1479, 'example1', '', 0.09, 1480),
(1480, 'example1', '', 0.14, 1481),
(1481, 'example1', '', 0.11, 1482),
(1482, 'example1', '', 0.08, 1483),
(1483, 'example1', '', 0.18, 1484),
(1484, 'example1', '', 0.07, 1485),
(1485, 'example1', '', 0.06, 1486),
(1486, 'example1', '', 0.07, 1487),
(1487, 'example1', '', 0.06, 1488),
(1488, 'example1', '', 0.10, 1489),
(1489, 'example1', '', 0.10, 1490),
(1490, 'example1', '', 0.06, 1491),
(1491, 'example1', '', 0.06, 1492),
(1492, 'example1', '', 0.06, 1493),
(1493, 'example1', '', 0.06, 1494),
(1494, 'example1', '', 0.24, 1495),
(1495, 'example1', '', 0.06, 1496),
(1496, 'example1', '', 0.06, 1497),
(1497, 'example1', '', 0.11, 1498),
(1498, 'example1', '', 0.08, 1499),
(1499, 'example1', '', 0.06, 1500),
(1500, 'example1', '', 0.06, 1501),
(1501, 'example1', '', 0.06, 1502),
(1502, 'example1', '', 0.07, 1503),
(1503, 'example1', '', 0.06, 1504),
(1504, 'example1', '', 0.08, 1505),
(1505, 'example1', '', 0.06, 1506),
(1506, 'example1', '', 0.06, 1507),
(1507, 'example1', '', 0.05, 1508),
(1508, 'example1', '', 0.06, 1509),
(1509, 'example1', '', 0.13, 1510),
(1510, 'example1', '', 0.07, 1511),
(1511, 'example1', '', 0.13, 1512),
(1512, 'example1', '', 0.16, 1513),
(1513, 'example1', '', 0.07, 1514),
(1514, 'example1', '', 0.06, 1515),
(1515, 'example1', '', 0.08, 1516),
(1516, 'example1', '', 0.06, 1517),
(1517, 'example1', '', 0.06, 1518),
(1518, 'example1', '', 0.06, 1519),
(1519, 'example1', '', 0.08, 1520),
(1520, 'example1', '', 0.10, 1521),
(1521, 'example1', '', 0.06, 1522),
(1522, 'example1', '', 0.11, 1523),
(1523, 'example1', '', 0.07, 1524),
(1524, 'example1', '', 0.06, 1525),
(1525, 'example1', '', 0.06, 1526),
(1526, 'example1', '', 0.06, 1527),
(1527, 'example1', '', 0.06, 1528),
(1528, 'example1', '', 0.05, 1529),
(1529, 'example1', '', 0.06, 1530),
(1530, 'example1', '', 0.06, 1531),
(1531, 'example1', '', 0.06, 1532),
(1532, 'example1', '', 0.06, 1533),
(1533, 'example1', '', 0.10, 1534);
INSERT INTO `cron_job` (`id`, `name`, `return`, `runtime`, `cron_manager_id`) VALUES
(1534, 'example1', '', 0.06, 1535),
(1535, 'example1', '', 0.06, 1536),
(1536, 'example1', '', 0.06, 1537),
(1537, 'example1', '', 0.06, 1538),
(1538, 'example1', '', 0.06, 1539),
(1539, 'example1', '', 0.08, 1540),
(1540, 'example1', '', 0.06, 1541),
(1541, 'example1', '', 0.09, 1542),
(1542, 'example1', '', 0.06, 1543),
(1543, 'example1', '', 0.06, 1544),
(1544, 'example1', '', 0.06, 1545),
(1545, 'example1', '', 0.07, 1546),
(1546, 'example1', '', 0.06, 1547),
(1547, 'example1', '', 0.05, 1548),
(1548, 'example1', '', 0.10, 1549),
(1549, 'example1', '', 0.06, 1550),
(1550, 'example1', '', 0.07, 1551),
(1551, 'example1', '', 0.07, 1552),
(1552, 'example1', '', 0.06, 1553),
(1553, 'example1', '', 0.08, 1554),
(1554, 'example1', '', 0.06, 1555),
(1555, 'example1', '', 0.07, 1556),
(1556, 'example1', '', 0.06, 1557),
(1557, 'example1', '', 0.06, 1558),
(1558, 'example1', '', 0.06, 1559),
(1559, 'example1', '', 0.06, 1560),
(1560, 'example1', '', 0.06, 1561),
(1561, 'example1', '', 0.06, 1562),
(1562, 'example1', '', 0.06, 1563),
(1563, 'example1', '', 0.06, 1564),
(1564, 'example1', '', 0.03, 1565),
(1565, 'example1', '', 0.07, 1566),
(1566, 'example1', '', 0.09, 1567),
(1567, 'example1', '', 0.05, 1568),
(1568, 'example1', '', 0.06, 1569),
(1569, 'example1', '', 0.06, 1570),
(1570, 'example1', '', 0.06, 1571),
(1571, 'example1', '', 0.08, 1572),
(1572, 'example1', '', 0.08, 1573),
(1573, 'example1', '', 0.07, 1574),
(1574, 'example1', '', 0.06, 1575),
(1575, 'example1', '', 0.08, 1576),
(1576, 'example1', '', 0.06, 1577),
(1577, 'example1', '', 0.07, 1578),
(1578, 'example1', '', 0.05, 1579),
(1579, 'example1', '', 0.07, 1580),
(1580, 'example1', '', 0.06, 1581),
(1581, 'example1', '', 0.09, 1582),
(1582, 'example1', '', 0.06, 1583),
(1583, 'example1', '', 0.07, 1584),
(1584, 'example1', '', 0.06, 1585),
(1585, 'example1', '', 0.13, 1586),
(1586, 'example1', '', 0.06, 1587),
(1587, 'example1', '', 0.06, 1588),
(1588, 'example1', '', 0.06, 1589),
(1589, 'example1', '', 0.06, 1590),
(1590, 'example1', '', 0.07, 1591),
(1591, 'example1', '', 0.08, 1592),
(1592, 'example1', '', 0.05, 1593),
(1593, 'example1', '', 0.08, 1594),
(1594, 'example1', '', 0.05, 1595),
(1595, 'example1', '', 0.09, 1596),
(1596, 'example1', '', 0.09, 1597),
(1597, 'example1', '', 0.09, 1598),
(1598, 'example1', '', 0.06, 1599),
(1599, 'example1', '', 0.06, 1600),
(1600, 'example1', '', 0.06, 1601),
(1601, 'example1', '', 0.07, 1602),
(1602, 'example1', '', 0.10, 1603);

-- --------------------------------------------------------

--
-- Table structure for table `cron_manager`
--

CREATE TABLE IF NOT EXISTS `cron_manager` (
  `id` int(10) unsigned NOT NULL,
  `rundate` datetime NOT NULL,
  `runtime` float(8,2) NOT NULL
) ENGINE=InnoDB AUTO_INCREMENT=1604 DEFAULT CHARSET=utf8 COLLATE=utf8_unicode_ci;

--
-- Dumping data for table `cron_manager`
--

INSERT INTO `cron_manager` (`id`, `rundate`, `runtime`) VALUES
(1, '2015-06-07 13:08:30', 0.00),
(2, '2015-06-07 13:09:05', 0.11),
(3, '2015-06-07 13:10:01', 0.07),
(4, '2015-06-07 13:11:01', 0.05),
(5, '2015-06-07 13:12:01', 0.07),
(6, '2015-06-07 13:13:01', 0.06),
(7, '2015-06-07 13:14:01', 0.07),
(8, '2015-06-07 13:15:01', 0.08),
(9, '2015-06-07 13:16:01', 0.07),
(10, '2015-06-07 13:17:01', 0.07),
(11, '2015-06-07 13:18:02', 0.06),
(12, '2015-06-07 13:19:01', 0.06),
(13, '2015-06-07 13:20:01', 0.05),
(14, '2015-06-07 13:21:02', 0.08),
(15, '2015-06-07 13:22:03', 0.14),
(16, '2015-06-07 13:23:02', 0.06),
(17, '2015-06-07 13:24:01', 0.06),
(18, '2015-06-07 13:25:01', 0.06),
(19, '2015-06-07 13:26:01', 0.07),
(20, '2015-06-07 13:27:01', 0.06),
(21, '2015-06-07 13:28:01', 0.06),
(22, '2015-06-07 13:29:01', 0.05),
(23, '2015-06-07 13:30:01', 0.05),
(24, '2015-06-07 13:31:01', 0.06),
(25, '2015-06-07 13:32:01', 0.10),
(26, '2015-06-07 13:33:01', 0.05),
(27, '2015-06-07 13:34:01', 0.05),
(28, '2015-06-07 13:35:01', 0.06),
(29, '2015-06-07 13:36:02', 0.06),
(30, '2015-06-07 13:37:01', 0.07),
(31, '2015-06-07 13:38:01', 0.06),
(32, '2015-06-07 13:39:01', 0.07),
(33, '2015-06-07 13:40:01', 0.05),
(34, '2015-06-07 13:41:01', 0.08),
(35, '2015-06-07 13:42:01', 0.06),
(36, '2015-06-07 13:43:02', 0.06),
(37, '2015-06-07 13:44:01', 0.06),
(38, '2015-06-07 13:45:07', 0.25),
(39, '2015-06-07 13:46:05', 0.12),
(40, '2015-06-07 13:47:01', 0.09),
(41, '2015-06-07 13:48:02', 0.08),
(42, '2015-06-07 13:49:01', 0.06),
(43, '2015-06-07 13:50:01', 0.08),
(44, '2015-06-07 13:51:01', 0.05),
(45, '2015-06-07 13:52:01', 0.05),
(46, '2015-06-07 13:53:01', 0.06),
(47, '2015-06-07 13:54:01', 0.11),
(48, '2015-06-07 13:55:02', 0.06),
(49, '2015-06-07 13:56:01', 0.06),
(50, '2015-06-07 13:57:01', 0.12),
(51, '2015-06-07 13:58:01', 0.06),
(52, '2015-06-07 13:59:01', 0.06),
(53, '2015-06-07 14:00:02', 0.06),
(54, '2015-06-07 14:01:01', 0.06),
(55, '2015-06-07 14:02:07', 0.07),
(56, '2015-06-07 14:03:06', 0.08),
(57, '2015-06-07 14:04:01', 0.07),
(58, '2015-06-07 14:05:02', 0.09),
(59, '2015-06-07 14:06:02', 0.09),
(60, '2015-06-07 14:07:01', 0.06),
(61, '2015-06-07 14:08:02', 0.06),
(62, '2015-06-07 14:09:01', 0.10),
(63, '2015-06-07 14:10:01', 0.08),
(64, '2015-06-07 14:11:01', 0.07),
(65, '2015-06-07 14:12:01', 0.07),
(66, '2015-06-07 14:13:01', 0.10),
(67, '2015-06-07 14:14:01', 0.06),
(68, '2015-06-07 14:15:01', 0.07),
(69, '2015-06-07 14:16:02', 0.06),
(70, '2015-06-07 14:17:01', 0.05),
(71, '2015-06-07 14:18:01', 0.07),
(72, '2015-06-07 14:19:02', 0.05),
(73, '2015-06-07 14:20:02', 0.06),
(74, '2015-06-07 14:21:02', 0.07),
(75, '2015-06-07 14:22:05', 0.08),
(76, '2015-06-07 14:23:01', 0.06),
(77, '2015-06-07 14:24:03', 0.05),
(78, '2015-06-07 14:25:01', 0.05),
(79, '2015-06-07 14:26:01', 0.08),
(80, '2015-06-07 14:27:02', 0.05),
(81, '2015-06-07 14:28:01', 0.06),
(82, '2015-06-07 14:29:02', 0.06),
(83, '2015-06-07 14:30:01', 0.06),
(84, '2015-06-07 14:31:01', 0.22),
(85, '2015-06-07 14:32:06', 0.15),
(86, '2015-06-07 14:33:05', 0.08),
(87, '2015-06-07 14:34:06', 0.10),
(88, '2015-06-07 14:35:11', 0.12),
(89, '2015-06-07 14:36:05', 0.07),
(90, '2015-06-07 14:37:03', 0.06),
(91, '2015-06-07 14:38:03', 0.07),
(92, '2015-06-07 14:39:05', 0.10),
(93, '2015-06-07 14:40:04', 0.10),
(94, '2015-06-07 14:41:06', 0.15),
(95, '2015-06-07 14:42:05', 0.15),
(96, '2015-06-07 14:43:05', 0.16),
(97, '2015-06-07 14:44:07', 0.20),
(98, '2015-06-07 14:45:04', 0.04),
(99, '2015-06-07 14:46:01', 0.06),
(100, '2015-06-07 14:47:02', 0.06),
(101, '2015-06-07 14:48:01', 0.06),
(102, '2015-06-07 14:49:01', 0.06),
(103, '2015-06-07 14:50:01', 0.06),
(104, '2015-06-07 14:51:01', 0.07),
(105, '2015-06-07 14:52:01', 0.06),
(106, '2015-06-07 14:53:01', 0.06),
(107, '2015-06-07 14:54:02', 0.06),
(108, '2015-06-07 14:55:01', 0.06),
(109, '2015-06-07 14:56:01', 0.06),
(110, '2015-06-07 14:57:01', 0.06),
(111, '2015-06-07 14:58:01', 0.06),
(112, '2015-06-07 14:59:02', 0.05),
(113, '2015-06-07 15:00:02', 0.06),
(114, '2015-06-07 15:01:01', 0.11),
(115, '2015-06-07 15:02:01', 0.06),
(116, '2015-06-07 15:03:01', 0.07),
(117, '2015-06-07 15:04:01', 0.06),
(118, '2015-06-07 15:05:02', 0.06),
(119, '2015-06-07 15:06:01', 0.05),
(120, '2015-06-07 15:07:01', 0.05),
(121, '2015-06-07 15:08:01', 0.06),
(122, '2015-06-07 15:09:01', 0.08),
(123, '2015-06-07 15:10:01', 0.05),
(124, '2015-06-07 15:11:01', 0.06),
(125, '2015-06-07 15:12:02', 0.08),
(126, '2015-06-07 15:13:01', 0.06),
(127, '2015-06-07 15:14:01', 0.07),
(128, '2015-06-07 15:15:01', 0.06),
(129, '2015-06-07 15:16:01', 0.06),
(130, '2015-06-07 15:17:01', 0.06),
(131, '2015-06-07 15:18:01', 0.07),
(132, '2015-06-07 15:19:02', 0.06),
(133, '2015-06-07 15:20:01', 0.05),
(134, '2015-06-07 15:21:01', 0.07),
(135, '2015-06-07 15:22:01', 0.07),
(136, '2015-06-07 15:23:01', 0.06),
(137, '2015-06-07 15:24:01', 0.06),
(138, '2015-06-07 15:25:01', 0.07),
(139, '2015-06-07 15:26:02', 0.06),
(140, '2015-06-07 15:27:01', 0.06),
(141, '2015-06-07 15:28:01', 0.05),
(142, '2015-06-07 15:29:01', 0.07),
(143, '2015-06-07 15:30:01', 0.06),
(144, '2015-06-07 15:31:01', 0.06),
(145, '2015-06-07 15:32:01', 0.06),
(146, '2015-06-07 15:33:02', 0.05),
(147, '2015-06-07 15:34:01', 0.05),
(148, '2015-06-07 15:35:01', 0.06),
(149, '2015-06-07 15:36:01', 0.05),
(150, '2015-06-07 15:37:01', 0.06),
(151, '2015-06-07 15:38:01', 0.06),
(152, '2015-06-07 15:39:03', 0.04),
(153, '2015-06-07 15:40:01', 0.06),
(154, '2015-06-07 15:41:07', 0.12),
(155, '2015-06-07 15:42:02', 0.06),
(156, '2015-06-07 15:43:01', 0.06),
(157, '2015-06-07 15:44:01', 0.06),
(158, '2015-06-07 15:45:01', 0.05),
(159, '2015-06-07 15:46:01', 0.06),
(160, '2015-06-07 15:47:01', 0.06),
(161, '2015-06-07 15:48:02', 0.05),
(162, '2015-06-07 15:49:02', 0.05),
(163, '2015-06-07 15:50:01', 0.06),
(164, '2015-06-07 15:51:01', 0.06),
(165, '2015-06-07 15:52:01', 0.05),
(166, '2015-06-07 15:53:01', 0.06),
(167, '2015-06-07 15:54:01', 0.06),
(168, '2015-06-07 15:55:02', 0.18),
(169, '2015-06-07 15:56:02', 0.06),
(170, '2015-06-07 15:57:01', 0.06),
(171, '2015-06-07 15:58:01', 0.06),
(172, '2015-06-07 15:59:01', 0.05),
(173, '2015-06-07 16:00:01', 0.07),
(174, '2015-06-07 16:01:01', 0.03),
(175, '2015-06-07 16:02:04', 0.10),
(176, '2015-06-07 16:03:27', 0.18),
(177, '2015-06-07 16:04:13', 6.96),
(178, '2015-06-07 16:05:05', 0.16),
(179, '2015-06-07 16:06:01', 0.08),
(180, '2015-06-07 16:07:01', 0.08),
(181, '2015-06-07 16:08:01', 0.07),
(182, '2015-06-07 16:09:01', 0.09),
(183, '2015-06-07 16:10:01', 0.07),
(184, '2015-06-07 16:11:02', 0.08),
(185, '2015-06-07 16:12:01', 0.08),
(186, '2015-06-07 16:13:01', 0.07),
(187, '2015-06-07 16:14:02', 0.05),
(188, '2015-06-07 16:15:01', 0.07),
(189, '2015-06-07 16:16:09', 0.12),
(190, '2015-06-07 16:17:07', 0.15),
(191, '2015-06-07 16:18:15', 0.35),
(192, '2015-06-07 16:19:02', 0.06),
(193, '2015-06-07 16:20:01', 0.07),
(194, '2015-06-07 16:21:02', 0.07),
(195, '2015-06-07 16:22:01', 0.07),
(196, '2015-06-07 16:23:01', 0.07),
(197, '2015-06-07 16:24:01', 0.07),
(198, '2015-06-07 16:25:01', 0.08),
(199, '2015-06-07 16:26:01', 0.08),
(200, '2015-06-07 16:27:02', 0.07),
(201, '2015-06-07 16:28:02', 0.03),
(202, '2015-06-07 16:29:01', 0.07),
(203, '2015-06-07 16:30:01', 0.08),
(204, '2015-06-07 16:31:01', 0.08),
(205, '2015-06-07 16:32:01', 0.09),
(206, '2015-06-07 16:33:01', 0.08),
(207, '2015-06-07 16:34:01', 0.07),
(208, '2015-06-07 16:35:02', 0.09),
(209, '2015-06-07 16:36:05', 0.15),
(210, '2015-06-07 16:37:02', 0.04),
(211, '2015-06-07 16:38:01', 0.08),
(212, '2015-06-07 16:39:01', 0.09),
(213, '2015-06-07 16:40:01', 0.06),
(214, '2015-06-07 16:41:01', 0.06),
(215, '2015-06-07 16:42:01', 0.06),
(216, '2015-06-07 16:43:01', 0.14),
(217, '2015-06-07 16:44:01', 0.06),
(218, '2015-06-07 16:45:01', 0.07),
(219, '2015-06-07 16:46:01', 0.06),
(220, '2015-06-07 16:47:01', 0.06),
(221, '2015-06-07 16:48:01', 0.07),
(222, '2015-06-07 16:49:01', 0.08),
(223, '2015-06-07 16:50:01', 0.10),
(224, '2015-06-07 16:51:01', 0.18),
(225, '2015-06-07 16:52:01', 0.06),
(226, '2015-06-07 16:53:01', 0.09),
(227, '2015-06-07 16:54:01', 0.06),
(228, '2015-06-07 16:55:01', 0.06),
(229, '2015-06-07 16:56:01', 0.06),
(230, '2015-06-07 16:57:02', 0.07),
(231, '2015-06-07 16:58:01', 0.06),
(232, '2015-06-07 16:59:01', 0.07),
(233, '2015-06-07 17:00:01', 0.07),
(234, '2015-06-07 17:01:01', 0.11),
(235, '2015-06-07 17:02:01', 0.07),
(236, '2015-06-07 17:03:01', 0.06),
(237, '2015-06-07 17:04:01', 0.07),
(238, '2015-06-07 17:05:01', 0.07),
(239, '2015-06-07 17:06:01', 0.06),
(240, '2015-06-07 17:07:02', 0.06),
(241, '2015-06-07 17:08:04', 0.07),
(242, '2015-06-07 17:09:01', 0.09),
(243, '2015-06-07 17:10:02', 0.07),
(244, '2015-06-07 17:11:01', 0.08),
(245, '2015-06-07 17:12:01', 0.11),
(246, '2015-06-07 17:13:01', 0.03),
(247, '2015-06-07 17:14:01', 0.08),
(248, '2015-06-07 17:15:01', 0.06),
(249, '2015-06-07 17:16:01', 0.06),
(250, '2015-06-07 17:17:02', 0.07),
(251, '2015-06-07 17:18:02', 0.08),
(252, '2015-06-07 17:19:01', 0.06),
(253, '2015-06-07 17:20:01', 0.07),
(254, '2015-06-07 17:21:01', 0.06),
(255, '2015-06-07 17:22:01', 0.06),
(256, '2015-06-07 17:23:01', 0.10),
(257, '2015-06-07 17:24:02', 0.06),
(258, '2015-06-07 17:25:01', 0.07),
(259, '2015-06-07 17:26:01', 0.07),
(260, '2015-06-07 17:27:01', 0.08),
(261, '2015-06-07 17:28:01', 0.06),
(262, '2015-06-07 17:29:01', 0.06),
(263, '2015-06-07 17:30:02', 0.08),
(264, '2015-06-07 17:31:01', 0.06),
(265, '2015-06-07 17:32:02', 0.06),
(266, '2015-06-07 17:33:01', 0.06),
(267, '2015-06-07 17:34:02', 0.09),
(268, '2015-06-07 17:35:01', 0.05),
(269, '2015-06-07 17:36:01', 0.06),
(270, '2015-06-07 17:37:09', 0.05),
(271, '2015-06-07 17:38:02', 0.06),
(272, '2015-06-07 17:39:01', 0.15),
(273, '2015-06-07 17:40:01', 0.06),
(274, '2015-06-07 17:41:01', 0.06),
(275, '2015-06-07 17:42:01', 0.09),
(276, '2015-06-07 17:43:01', 0.08),
(277, '2015-06-07 17:44:01', 0.06),
(278, '2015-06-07 17:45:01', 0.09),
(279, '2015-06-07 17:46:01', 0.07),
(280, '2015-06-07 17:47:01', 0.06),
(281, '2015-06-07 17:48:03', 0.04),
(282, '2015-06-07 17:49:01', 0.05),
(283, '2015-06-07 17:50:01', 0.06),
(284, '2015-06-07 17:51:01', 0.06),
(285, '2015-06-07 17:52:02', 0.06),
(286, '2015-06-07 17:53:01', 0.06),
(287, '2015-06-07 17:54:01', 0.05),
(288, '2015-06-07 17:55:02', 0.05),
(289, '2015-06-07 17:56:01', 0.09),
(290, '2015-06-07 17:57:01', 0.07),
(291, '2015-06-07 17:58:01', 0.06),
(292, '2015-06-07 17:59:01', 0.05),
(293, '2015-06-07 18:00:01', 0.06),
(294, '2015-06-07 18:01:01', 0.06),
(295, '2015-06-07 18:02:02', 0.06),
(296, '2015-06-07 18:03:02', 0.06),
(297, '2015-06-07 18:04:01', 0.05),
(298, '2015-06-07 18:05:01', 0.07),
(299, '2015-06-07 18:06:02', 0.06),
(300, '2015-06-07 18:07:01', 0.10),
(301, '2015-06-07 18:08:01', 0.06),
(302, '2015-06-07 18:09:01', 0.07),
(303, '2015-06-07 18:10:01', 0.05),
(304, '2015-06-07 18:11:01', 0.06),
(305, '2015-06-07 18:12:01', 0.06),
(306, '2015-06-07 18:13:02', 0.08),
(307, '2015-06-07 18:14:01', 0.06),
(308, '2015-06-07 18:15:04', 0.10),
(309, '2015-06-07 18:16:02', 0.07),
(310, '2015-06-07 18:17:01', 0.05),
(311, '2015-06-07 18:18:01', 0.10),
(312, '2015-06-07 18:19:01', 0.07),
(313, '2015-06-07 18:20:01', 0.06),
(314, '2015-06-07 18:21:01', 0.06),
(315, '2015-06-07 18:22:01', 0.06),
(316, '2015-06-07 18:23:02', 0.05),
(317, '2015-06-07 18:24:01', 0.06),
(318, '2015-06-07 18:25:01', 0.06),
(319, '2015-06-07 18:26:01', 0.05),
(320, '2015-06-07 18:27:02', 0.06),
(321, '2015-06-07 18:28:01', 0.06),
(322, '2015-06-07 18:29:01', 0.09),
(323, '2015-06-07 18:30:01', 0.06),
(324, '2015-06-07 18:31:01', 0.03),
(325, '2015-06-07 18:32:01', 0.06),
(326, '2015-06-07 18:33:02', 0.06),
(327, '2015-06-07 18:34:02', 0.07),
(328, '2015-06-07 18:35:01', 0.07),
(329, '2015-06-07 18:36:01', 0.05),
(330, '2015-06-07 18:37:01', 0.06),
(331, '2015-06-07 18:38:01', 0.06),
(332, '2015-06-07 18:39:01', 0.07),
(333, '2015-06-07 18:40:01', 0.08),
(334, '2015-06-07 18:41:01', 0.06),
(335, '2015-06-07 18:42:01', 0.06),
(336, '2015-06-07 18:43:01', 0.07),
(337, '2015-06-07 18:44:03', 0.03),
(338, '2015-06-07 18:45:01', 0.07),
(339, '2015-06-07 18:46:05', 0.09),
(340, '2015-06-07 18:47:01', 0.07),
(341, '2015-06-07 18:48:02', 0.13),
(342, '2015-06-07 18:49:02', 0.06),
(343, '2015-06-07 18:50:07', 0.14),
(344, '2015-06-07 18:51:05', 0.18),
(345, '2015-06-07 18:52:04', 0.06),
(346, '2015-06-07 18:53:03', 0.07),
(347, '2015-06-07 18:54:08', 0.49),
(348, '2015-06-07 18:55:04', 0.07),
(349, '2015-06-07 18:56:03', 0.06),
(350, '2015-06-07 18:57:03', 0.07),
(351, '2015-06-07 18:58:01', 0.06),
(352, '2015-06-07 18:59:01', 0.07),
(353, '2015-06-07 19:00:01', 0.07),
(354, '2015-06-07 19:01:01', 0.06),
(355, '2015-06-07 19:02:01', 0.07),
(356, '2015-06-07 19:03:01', 0.06),
(357, '2015-06-07 19:04:01', 0.05),
(358, '2015-06-07 19:05:03', 0.08),
(359, '2015-06-07 19:06:02', 0.04),
(360, '2015-06-07 19:07:02', 0.05),
(361, '2015-06-07 19:08:01', 0.06),
(362, '2015-06-07 19:09:01', 0.07),
(363, '2015-06-07 19:10:02', 0.07),
(364, '2015-06-07 19:11:01', 0.05),
(365, '2015-06-07 19:12:01', 0.07),
(366, '2015-06-07 19:13:01', 0.05),
(367, '2015-06-07 19:14:01', 0.05),
(368, '2015-06-07 19:15:02', 0.05),
(369, '2015-06-07 19:16:02', 0.05),
(370, '2015-06-07 19:17:01', 0.06),
(371, '2015-06-07 19:18:01', 0.05),
(372, '2015-06-07 19:19:01', 0.05),
(373, '2015-06-07 19:20:02', 0.06),
(374, '2015-06-07 19:21:01', 0.06),
(375, '2015-06-07 19:22:01', 0.06),
(376, '2015-06-07 19:23:01', 0.05),
(377, '2015-06-07 19:24:01', 0.16),
(378, '2015-06-07 19:25:03', 0.10),
(379, '2015-06-07 19:26:01', 0.06),
(380, '2015-06-07 19:27:01', 0.06),
(381, '2015-06-07 19:28:01', 0.05),
(382, '2015-06-07 19:29:02', 0.08),
(383, '2015-06-07 19:30:01', 0.05),
(384, '2015-06-07 19:31:01', 0.08),
(385, '2015-06-07 19:32:01', 0.06),
(386, '2015-06-07 19:33:01', 0.06),
(387, '2015-06-07 19:34:01', 0.07),
(388, '2015-06-07 19:35:01', 0.06),
(389, '2015-06-07 19:36:01', 0.06),
(390, '2015-06-07 19:37:01', 0.06),
(391, '2015-06-07 19:38:01', 0.07),
(392, '2015-06-07 19:39:01', 0.08),
(393, '2015-06-07 19:40:01', 0.09),
(394, '2015-06-07 19:41:01', 0.06),
(395, '2015-06-07 19:42:01', 0.04),
(396, '2015-06-07 19:43:01', 0.05),
(397, '2015-06-07 19:44:01', 0.07),
(398, '2015-06-07 19:45:02', 0.06),
(399, '2015-06-07 19:46:01', 0.06),
(400, '2015-06-07 19:47:01', 0.06),
(401, '2015-06-07 19:48:01', 0.07),
(402, '2015-06-07 19:49:02', 0.06),
(403, '2015-06-07 19:50:01', 0.06),
(404, '2015-06-07 19:51:02', 0.10),
(405, '2015-06-07 19:52:01', 0.06),
(406, '2015-06-07 19:53:02', 0.07),
(407, '2015-06-07 19:54:01', 0.07),
(408, '2015-06-07 19:55:01', 0.07),
(409, '2015-06-07 19:56:01', 0.06),
(410, '2015-06-07 19:57:01', 0.07),
(411, '2015-06-07 19:58:03', 0.06),
(412, '2015-06-07 19:59:01', 0.08),
(413, '2015-06-07 20:00:01', 0.08),
(414, '2015-06-07 20:01:03', 0.06),
(415, '2015-06-07 20:02:08', 0.40),
(416, '2015-06-07 20:03:09', 0.18),
(417, '2015-06-07 20:04:37', 0.09),
(418, '2015-06-07 20:05:04', 0.07),
(419, '2015-06-07 20:06:01', 0.06),
(420, '2015-06-07 20:07:02', 0.06),
(421, '2015-06-07 20:08:03', 0.06),
(422, '2015-06-07 20:09:02', 0.11),
(423, '2015-06-07 20:10:02', 0.05),
(424, '2015-06-07 20:11:01', 0.07),
(425, '2015-06-07 20:12:04', 0.04),
(426, '2015-06-07 20:13:06', 0.15),
(427, '2015-06-07 20:14:02', 0.07),
(428, '2015-06-07 20:15:04', 0.28),
(429, '2015-06-07 20:16:05', 0.07),
(430, '2015-06-07 20:17:12', 0.13),
(431, '2015-06-07 20:18:07', 0.26),
(432, '2015-06-07 20:19:01', 0.07),
(433, '2015-06-07 20:20:01', 0.07),
(434, '2015-06-07 20:21:01', 0.07),
(435, '2015-06-07 20:22:01', 0.07),
(436, '2015-06-07 20:23:01', 0.07),
(437, '2015-06-07 20:24:01', 0.13),
(438, '2015-06-07 20:25:01', 0.15),
(439, '2015-06-07 20:26:01', 0.06),
(440, '2015-06-07 20:27:01', 0.06),
(441, '2015-06-07 20:28:01', 0.17),
(442, '2015-06-07 20:29:01', 0.07),
(443, '2015-06-07 20:30:01', 0.06),
(444, '2015-06-07 20:31:01', 0.07),
(445, '2015-06-07 20:32:02', 0.07),
(446, '2015-06-07 20:33:02', 0.08),
(447, '2015-06-07 20:34:01', 0.07),
(448, '2015-06-07 20:35:01', 0.07),
(449, '2015-06-07 20:36:02', 0.08),
(450, '2015-06-07 20:37:01', 0.07),
(451, '2015-06-07 20:38:01', 0.06),
(452, '2015-06-07 20:39:01', 0.09),
(453, '2015-06-07 20:40:01', 0.07),
(454, '2015-06-07 20:41:01', 0.06),
(455, '2015-06-07 20:42:02', 0.06),
(456, '2015-06-07 20:43:01', 0.07),
(457, '2015-06-07 20:44:42', 0.23),
(458, '2015-06-07 20:45:19', 0.09),
(459, '2015-06-07 20:46:06', 0.05),
(460, '2015-06-07 20:47:05', 0.07),
(461, '2015-06-07 20:48:10', 0.21),
(462, '2015-06-07 20:49:01', 0.11),
(463, '2015-06-07 20:50:01', 0.07),
(464, '2015-06-07 20:51:02', 0.07),
(465, '2015-06-07 20:52:01', 0.10),
(466, '2015-06-07 20:53:01', 0.07),
(467, '2015-06-07 20:54:01', 0.07),
(468, '2015-06-07 20:55:01', 0.06),
(469, '2015-06-07 20:56:01', 0.07),
(470, '2015-06-07 20:57:01', 0.07),
(471, '2015-06-07 20:58:01', 0.06),
(472, '2015-06-07 20:59:01', 0.07),
(473, '2015-06-07 21:00:01', 0.06),
(474, '2015-06-07 21:01:01', 0.07),
(475, '2015-06-07 21:02:01', 0.08),
(476, '2015-06-07 21:03:03', 0.09),
(477, '2015-06-07 21:04:01', 0.09),
(478, '2015-06-07 21:05:02', 0.07),
(479, '2015-06-07 21:06:02', 0.07),
(480, '2015-06-07 21:07:02', 0.18),
(481, '2015-06-07 21:08:01', 0.07),
(482, '2015-06-07 21:09:02', 0.09),
(483, '2015-06-07 21:10:04', 0.06),
(484, '2015-06-07 21:11:01', 0.08),
(485, '2015-06-07 21:12:01', 0.07),
(486, '2015-06-07 21:13:05', 0.10),
(487, '2015-06-07 21:14:01', 0.07),
(488, '2015-06-07 21:15:01', 0.07),
(489, '2015-06-07 21:16:01', 0.09),
(490, '2015-06-07 21:17:01', 0.07),
(491, '2015-06-07 21:18:01', 0.07),
(492, '2015-06-07 21:19:01', 0.07),
(493, '2015-06-07 21:20:02', 0.06),
(494, '2015-06-07 21:21:01', 0.06),
(495, '2015-06-07 21:22:01', 0.08),
(496, '2015-06-07 21:23:02', 0.07),
(497, '2015-06-07 21:24:01', 0.07),
(498, '2015-06-07 21:25:01', 0.07),
(499, '2015-06-07 21:26:01', 0.08),
(500, '2015-06-07 21:27:01', 0.07),
(501, '2015-06-07 21:28:02', 0.07),
(502, '2015-06-07 21:29:02', 0.07),
(503, '2015-06-07 21:30:01', 0.07),
(504, '2015-06-07 21:31:01', 0.06),
(505, '2015-06-07 21:32:01', 0.07),
(506, '2015-06-07 21:33:01', 0.07),
(507, '2015-06-07 21:34:01', 0.09),
(508, '2015-06-07 21:35:01', 0.06),
(509, '2015-06-07 21:36:01', 0.06),
(510, '2015-06-07 21:37:01', 0.07),
(511, '2015-06-07 21:38:01', 0.06),
(512, '2015-06-07 21:39:01', 0.11),
(513, '2015-06-07 21:40:01', 0.08),
(514, '2015-06-07 21:41:01', 0.07),
(515, '2015-06-07 21:42:02', 0.09),
(516, '2015-06-07 21:43:01', 0.07),
(517, '2015-06-07 21:44:02', 0.08),
(518, '2015-06-07 21:45:01', 0.11),
(519, '2015-06-07 21:46:01', 0.06),
(520, '2015-06-07 21:47:02', 0.10),
(521, '2015-06-07 21:48:01', 0.08),
(522, '2015-06-07 21:49:01', 0.06),
(523, '2015-06-07 21:50:01', 0.07),
(524, '2015-06-07 21:51:01', 0.05),
(525, '2015-06-07 21:52:01', 0.06),
(526, '2015-06-07 21:53:07', 0.07),
(527, '2015-06-07 21:54:06', 0.09),
(528, '2015-06-07 21:55:01', 0.09),
(529, '2015-06-07 21:56:05', 0.09),
(530, '2015-06-07 21:57:01', 0.06),
(531, '2015-06-07 21:58:01', 0.06),
(532, '2015-06-07 21:59:10', 0.19),
(533, '2015-06-07 22:00:08', 0.23),
(534, '2015-06-07 22:01:29', 0.39),
(535, '2015-06-07 22:02:06', 0.06),
(536, '2015-06-07 22:03:02', 0.05),
(537, '2015-06-07 22:04:01', 0.07),
(538, '2015-06-07 22:05:01', 0.07),
(539, '2015-06-07 22:06:02', 0.07),
(540, '2015-06-07 22:07:01', 0.12),
(541, '2015-06-07 22:08:02', 0.05),
(542, '2015-06-07 22:09:01', 0.08),
(543, '2015-06-07 22:10:01', 0.06),
(544, '2015-06-07 22:11:01', 0.04),
(545, '2015-06-07 22:12:01', 0.06),
(546, '2015-06-07 22:13:01', 0.06),
(547, '2015-06-07 22:14:01', 0.07),
(548, '2015-06-07 22:15:01', 0.08),
(549, '2015-06-07 22:16:01', 0.07),
(550, '2015-06-07 22:17:02', 0.07),
(551, '2015-06-07 22:18:01', 0.10),
(552, '2015-06-07 22:19:01', 0.07),
(553, '2015-06-07 22:20:03', 0.07),
(554, '2015-06-07 22:21:01', 0.06),
(555, '2015-06-07 22:22:01', 0.07),
(556, '2015-06-07 22:23:02', 0.06),
(557, '2015-06-07 22:24:01', 0.07),
(558, '2015-06-07 22:25:01', 0.07),
(559, '2015-06-07 22:26:01', 0.06),
(560, '2015-06-07 22:27:01', 0.07),
(561, '2015-06-07 22:28:01', 0.07),
(562, '2015-06-07 22:29:01', 0.11),
(563, '2015-06-07 22:30:01', 0.07),
(564, '2015-06-07 22:31:01', 0.07),
(565, '2015-06-07 22:32:01', 0.10),
(566, '2015-06-07 22:33:02', 0.06),
(567, '2015-06-07 22:34:01', 0.07),
(568, '2015-06-07 22:35:01', 0.06),
(569, '2015-06-07 22:36:01', 0.07),
(570, '2015-06-07 22:37:01', 0.07),
(571, '2015-06-07 22:38:01', 0.07),
(572, '2015-06-07 22:39:01', 0.08),
(573, '2015-06-07 22:40:01', 0.07),
(574, '2015-06-07 22:41:01', 0.06),
(575, '2015-06-07 22:42:01', 0.06),
(576, '2015-06-07 22:43:02', 0.06),
(577, '2015-06-07 22:44:01', 0.06),
(578, '2015-06-07 22:45:01', 0.08),
(579, '2015-06-07 22:46:01', 0.08),
(580, '2015-06-07 22:47:01', 0.06),
(581, '2015-06-07 22:48:01', 0.06),
(582, '2015-06-07 22:49:01', 0.07),
(583, '2015-06-07 22:50:01', 0.07),
(584, '2015-06-07 22:51:01', 0.06),
(585, '2015-06-07 22:52:01', 0.07),
(586, '2015-06-07 22:53:02', 0.06),
(587, '2015-06-07 22:54:01', 0.07),
(588, '2015-06-07 22:55:01', 0.06),
(589, '2015-06-07 22:56:01', 0.09),
(590, '2015-06-07 22:57:01', 0.06),
(591, '2015-06-07 22:58:01', 0.06),
(592, '2015-06-07 22:59:01', 0.06),
(593, '2015-06-07 23:00:02', 0.09),
(594, '2015-06-07 23:01:01', 0.06),
(595, '2015-06-07 23:02:01', 0.12),
(596, '2015-06-07 23:03:02', 0.07),
(597, '2015-06-07 23:04:01', 0.07),
(598, '2015-06-07 23:05:01', 0.07),
(599, '2015-06-07 23:06:01', 0.06),
(600, '2015-06-07 23:07:01', 0.06),
(601, '2015-06-07 23:08:01', 0.06),
(602, '2015-06-07 23:09:02', 0.07),
(603, '2015-06-07 23:10:01', 0.06),
(604, '2015-06-07 23:11:01', 0.06),
(605, '2015-06-07 23:12:02', 0.07),
(606, '2015-06-07 23:13:01', 0.06),
(607, '2015-06-07 23:14:01', 0.06),
(608, '2015-06-07 23:15:01', 0.07),
(609, '2015-06-07 23:16:01', 0.07),
(610, '2015-06-07 23:17:01', 0.06),
(611, '2015-06-07 23:18:01', 0.06),
(612, '2015-06-07 23:19:02', 0.07),
(613, '2015-06-07 23:20:01', 0.07),
(614, '2015-06-07 23:21:01', 0.07),
(615, '2015-06-07 23:22:01', 0.07),
(616, '2015-06-07 23:23:01', 0.07),
(617, '2015-06-07 23:24:01', 0.07),
(618, '2015-06-07 23:25:01', 0.06),
(619, '2015-06-07 23:26:01', 0.07),
(620, '2015-06-07 23:27:01', 0.06),
(621, '2015-06-07 23:28:01', 0.06),
(622, '2015-06-07 23:29:02', 0.07),
(623, '2015-06-07 23:30:01', 0.06),
(624, '2015-06-07 23:31:01', 0.10),
(625, '2015-06-07 23:32:01', 0.06),
(626, '2015-06-07 23:33:01', 0.07),
(627, '2015-06-07 23:34:01', 0.05),
(628, '2015-06-07 23:35:02', 0.49),
(629, '2015-06-07 23:36:02', 0.06),
(630, '2015-06-07 23:37:01', 0.06),
(631, '2015-06-07 23:38:02', 0.07),
(632, '2015-06-07 23:39:01', 0.06),
(633, '2015-06-07 23:40:01', 0.06),
(634, '2015-06-07 23:41:01', 0.04),
(635, '2015-06-07 23:42:01', 0.05),
(636, '2015-06-07 23:43:02', 0.06),
(637, '2015-06-07 23:44:01', 0.06),
(638, '2015-06-07 23:45:01', 0.05),
(639, '2015-06-07 23:46:02', 0.06),
(640, '2015-06-07 23:47:02', 0.06),
(641, '2015-06-07 23:48:01', 0.06),
(642, '2015-06-07 23:49:01', 0.05),
(643, '2015-06-07 23:50:01', 0.06),
(644, '2015-06-07 23:51:01', 0.05),
(645, '2015-06-07 23:52:01', 0.06),
(646, '2015-06-07 23:53:01', 0.05),
(647, '2015-06-07 23:54:02', 0.06),
(648, '2015-06-07 23:55:01', 0.06),
(649, '2015-06-07 23:56:01', 0.06),
(650, '2015-06-07 23:57:01', 0.05),
(651, '2015-06-07 23:58:01', 0.06),
(652, '2015-06-07 23:59:02', 0.06),
(653, '2015-06-08 00:00:01', 0.05),
(654, '2015-06-08 00:01:01', 0.05),
(655, '2015-06-08 00:02:01', 0.06),
(656, '2015-06-08 00:03:01', 0.06),
(657, '2015-06-08 00:04:01', 0.05),
(658, '2015-06-08 00:05:01', 0.06),
(659, '2015-06-08 00:06:02', 0.05),
(660, '2015-06-08 00:07:01', 0.06),
(661, '2015-06-08 00:08:01', 0.06),
(662, '2015-06-08 00:09:01', 0.07),
(663, '2015-06-08 00:10:01', 0.06),
(664, '2015-06-08 00:11:01', 0.06),
(665, '2015-06-08 00:12:01', 0.06),
(666, '2015-06-08 00:13:02', 0.05),
(667, '2015-06-08 00:14:01', 0.06),
(668, '2015-06-08 00:15:01', 0.06),
(669, '2015-06-08 00:16:01', 0.05),
(670, '2015-06-08 00:17:01', 0.06),
(671, '2015-06-08 00:18:01', 0.06),
(672, '2015-06-08 00:19:01', 0.06),
(673, '2015-06-08 00:20:02', 0.08),
(674, '2015-06-08 00:21:01', 0.06),
(675, '2015-06-08 00:22:01', 0.07),
(676, '2015-06-08 00:23:01', 0.04),
(677, '2015-06-08 00:24:01', 0.06),
(678, '2015-06-08 00:25:01', 0.06),
(679, '2015-06-08 00:26:02', 0.06),
(680, '2015-06-08 00:27:02', 0.08),
(681, '2015-06-08 00:28:01', 0.05),
(682, '2015-06-08 00:29:01', 0.05),
(683, '2015-06-08 00:30:02', 0.05),
(684, '2015-06-08 00:31:01', 0.06),
(685, '2015-06-08 00:32:01', 0.07),
(686, '2015-06-08 00:33:01', 0.05),
(687, '2015-06-08 00:34:01', 0.06),
(688, '2015-06-08 00:35:02', 0.06),
(689, '2015-06-08 00:36:05', 0.12),
(690, '2015-06-08 00:37:05', 0.08),
(691, '2015-06-08 00:38:06', 0.38),
(692, '2015-06-08 00:39:05', 0.10),
(693, '2015-06-08 00:40:01', 0.06),
(694, '2015-06-08 00:41:02', 0.06),
(695, '2015-06-08 00:42:01', 0.06),
(696, '2015-06-08 00:43:01', 0.08),
(697, '2015-06-08 00:44:02', 0.06),
(698, '2015-06-08 00:45:01', 0.06),
(699, '2015-06-08 00:46:01', 0.06),
(700, '2015-06-08 00:47:01', 0.07),
(701, '2015-06-08 00:48:01', 0.06),
(702, '2015-06-08 00:49:01', 0.06),
(703, '2015-06-08 00:50:01', 0.10),
(704, '2015-06-08 00:51:02', 0.06),
(705, '2015-06-08 00:52:01', 0.06),
(706, '2015-06-08 00:53:01', 0.05),
(707, '2015-06-08 00:54:02', 0.06),
(708, '2015-06-08 00:55:02', 0.06),
(709, '2015-06-08 00:56:01', 0.05),
(710, '2015-06-08 00:57:01', 0.07),
(711, '2015-06-08 00:58:04', 0.03),
(712, '2015-06-08 00:59:01', 0.06),
(713, '2015-06-08 01:00:02', 0.06),
(714, '2015-06-08 01:01:01', 0.10),
(715, '2015-06-08 01:02:02', 0.05),
(716, '2015-06-08 01:03:02', 0.06),
(717, '2015-06-08 01:04:02', 0.06),
(718, '2015-06-08 01:05:01', 0.06),
(719, '2015-06-08 01:06:01', 0.08),
(720, '2015-06-08 01:07:01', 0.06),
(721, '2015-06-08 01:08:01', 0.08),
(722, '2015-06-08 01:09:01', 0.06),
(723, '2015-06-08 01:10:01', 0.06),
(724, '2015-06-08 01:11:01', 0.05),
(725, '2015-06-08 01:12:01', 0.06),
(726, '2015-06-08 01:13:01', 0.06),
(727, '2015-06-08 01:14:01', 0.07),
(728, '2015-06-08 01:15:02', 0.06),
(729, '2015-06-08 01:16:01', 0.11),
(730, '2015-06-08 01:17:01', 0.07),
(731, '2015-06-08 05:39:04', 0.10),
(732, '2015-06-08 05:40:02', 0.08),
(733, '2015-06-08 05:42:05', 0.12),
(734, '2015-06-08 05:43:01', 0.06),
(735, '2015-06-08 05:44:01', 0.11),
(736, '2015-06-08 05:45:01', 0.03),
(737, '2015-06-08 05:46:02', 0.07),
(738, '2015-06-08 05:47:01', 0.10),
(739, '2015-06-08 05:48:13', 0.14),
(740, '2015-06-08 05:49:02', 0.06),
(741, '2015-06-08 05:50:01', 0.06),
(742, '2015-06-08 05:51:02', 0.05),
(743, '2015-06-08 05:52:01', 0.06),
(744, '2015-06-08 05:53:01', 0.05),
(745, '2015-06-08 05:54:01', 0.06),
(746, '2015-06-08 05:55:02', 0.07),
(747, '2015-06-08 05:56:01', 0.06),
(748, '2015-06-08 05:57:01', 0.06),
(749, '2015-06-08 05:58:01', 0.09),
(750, '2015-06-08 05:59:01', 0.06),
(751, '2015-06-08 06:00:01', 0.05),
(752, '2015-06-08 06:01:01', 0.06),
(753, '2015-06-08 06:02:02', 0.06),
(754, '2015-06-08 06:03:01', 0.07),
(755, '2015-06-08 06:04:01', 0.06),
(756, '2015-06-08 06:05:02', 0.06),
(757, '2015-06-08 06:06:01', 0.06),
(758, '2015-06-08 06:07:01', 0.05),
(759, '2015-06-08 06:08:01', 0.06),
(760, '2015-06-08 06:09:01', 0.12),
(761, '2015-06-08 06:10:01', 0.07),
(762, '2015-06-08 06:11:02', 0.05),
(763, '2015-06-08 06:12:01', 0.10),
(764, '2015-06-08 06:13:01', 0.05),
(765, '2015-06-08 06:14:02', 0.06),
(766, '2015-06-08 06:15:01', 0.08),
(767, '2015-06-08 06:16:01', 0.06),
(768, '2015-06-08 06:17:01', 0.06),
(769, '2015-06-08 06:18:01', 0.06),
(770, '2015-06-08 06:19:01', 0.08),
(771, '2015-06-08 06:20:01', 0.11),
(772, '2015-06-08 06:21:01', 0.06),
(773, '2015-06-08 06:22:01', 0.06),
(774, '2015-06-08 06:23:01', 0.05),
(775, '2015-06-08 06:24:01', 0.06),
(776, '2015-06-08 06:25:01', 0.06),
(777, '2015-06-08 06:26:01', 0.05),
(778, '2015-06-08 06:27:01', 0.05),
(779, '2015-06-08 06:28:02', 0.12),
(780, '2015-06-08 06:29:01', 0.07),
(781, '2015-06-08 06:30:01', 0.09),
(782, '2015-06-08 06:31:02', 0.12),
(783, '2015-06-08 06:32:01', 0.06),
(784, '2015-06-08 06:33:02', 0.05),
(785, '2015-06-08 06:34:02', 0.05),
(786, '2015-06-08 06:35:01', 0.05),
(787, '2015-06-08 06:36:01', 0.04),
(788, '2015-06-08 06:37:01', 0.06),
(789, '2015-06-08 06:38:01', 0.06),
(790, '2015-06-08 06:39:01', 0.07),
(791, '2015-06-08 06:40:01', 0.08),
(792, '2015-06-08 06:41:02', 0.05),
(793, '2015-06-08 06:42:01', 0.39),
(794, '2015-06-08 06:43:02', 0.04),
(795, '2015-06-08 06:44:01', 0.05),
(796, '2015-06-08 06:45:01', 0.05),
(797, '2015-06-08 06:46:01', 0.05),
(798, '2015-06-08 06:47:01', 0.05),
(799, '2015-06-08 06:48:01', 0.04),
(800, '2015-06-08 06:49:01', 0.06),
(801, '2015-06-08 06:50:02', 0.03),
(802, '2015-06-08 06:51:05', 0.06),
(803, '2015-06-08 06:52:01', 0.05),
(804, '2015-06-08 06:53:01', 0.09),
(805, '2015-06-08 06:54:02', 0.04),
(806, '2015-06-08 06:55:01', 0.14),
(807, '2015-06-08 06:56:01', 0.05),
(808, '2015-06-08 06:57:02', 0.05),
(809, '2015-06-08 06:58:01', 0.06),
(810, '2015-06-08 06:59:01', 0.05),
(811, '2015-06-08 07:00:01', 0.06),
(812, '2015-06-08 07:01:01', 0.05),
(813, '2015-06-08 07:02:01', 0.05),
(814, '2015-06-08 07:03:01', 0.04),
(815, '2015-06-08 07:04:02', 0.08),
(816, '2015-06-08 07:05:01', 0.06),
(817, '2015-06-08 07:06:01', 0.05),
(818, '2015-06-08 07:07:01', 0.06),
(819, '2015-06-08 07:08:01', 0.06),
(820, '2015-06-08 07:09:02', 0.07),
(821, '2015-06-08 07:10:01', 0.06),
(822, '2015-06-08 07:11:01', 0.07),
(823, '2015-06-08 07:12:01', 0.21),
(824, '2015-06-08 07:13:02', 0.03),
(825, '2015-06-08 07:14:01', 0.05),
(826, '2015-06-08 07:15:02', 0.10),
(827, '2015-06-08 07:16:01', 0.06),
(828, '2015-06-08 07:17:02', 0.05),
(829, '2015-06-08 07:18:01', 0.06),
(830, '2015-06-08 07:19:01', 0.06),
(831, '2015-06-08 07:20:01', 0.06),
(832, '2015-06-08 07:21:01', 0.06),
(833, '2015-06-08 07:22:01', 0.05),
(834, '2015-06-08 07:23:01', 0.06),
(835, '2015-06-08 07:24:01', 0.05),
(836, '2015-06-08 07:25:01', 0.05),
(837, '2015-06-08 07:26:02', 0.10),
(838, '2015-06-08 07:27:01', 0.07),
(839, '2015-06-08 07:28:01', 0.06),
(840, '2015-06-08 07:29:01', 0.05),
(841, '2015-06-08 07:30:01', 0.06),
(842, '2015-06-08 07:31:01', 0.06),
(843, '2015-06-08 07:32:01', 0.05),
(844, '2015-06-08 07:33:01', 0.06),
(845, '2015-06-08 07:34:01', 0.06),
(846, '2015-06-08 07:35:01', 0.06),
(847, '2015-06-08 07:36:01', 0.05),
(848, '2015-06-08 07:37:01', 0.10),
(849, '2015-06-08 07:38:01', 0.20),
(850, '2015-06-08 07:39:01', 0.07),
(851, '2015-06-08 07:40:01', 0.08),
(852, '2015-06-08 07:41:01', 0.06),
(853, '2015-06-08 07:42:02', 0.05),
(854, '2015-06-08 07:43:06', 0.11),
(855, '2015-06-08 07:44:05', 0.10),
(856, '2015-06-08 07:45:06', 0.12),
(857, '2015-06-08 07:46:02', 0.05),
(858, '2015-06-08 07:47:04', 0.09),
(859, '2015-06-08 07:48:07', 0.18),
(860, '2015-06-08 07:49:06', 0.11),
(861, '2015-06-08 07:50:05', 0.05),
(862, '2015-06-08 07:53:28', 0.16),
(863, '2015-06-08 07:53:28', 0.18),
(864, '2015-06-08 07:53:28', 0.18),
(865, '2015-06-08 07:54:01', 0.06),
(866, '2015-06-08 07:55:01', 0.06),
(867, '2015-06-08 07:56:01', 0.05),
(868, '2015-06-08 07:57:01', 0.06),
(869, '2015-06-08 07:58:01', 0.05),
(870, '2015-06-08 07:59:02', 0.06),
(871, '2015-06-08 08:00:01', 0.05),
(872, '2015-06-08 08:01:01', 0.05),
(873, '2015-06-08 08:02:01', 0.06),
(874, '2015-06-08 08:03:01', 0.05),
(875, '2015-06-08 08:04:01', 0.05),
(876, '2015-06-08 08:05:01', 0.05),
(877, '2015-06-08 08:06:02', 0.05),
(878, '2015-06-08 08:07:01', 0.06),
(879, '2015-06-08 08:08:01', 0.05),
(880, '2015-06-08 08:09:01', 0.08),
(881, '2015-06-08 08:10:01', 0.10),
(882, '2015-06-08 08:11:01', 0.06),
(883, '2015-06-08 08:12:01', 0.06),
(884, '2015-06-08 08:13:01', 0.05),
(885, '2015-06-08 08:14:01', 0.05),
(886, '2015-06-08 08:15:01', 0.06),
(887, '2015-06-08 08:16:01', 0.06),
(888, '2015-06-08 08:17:01', 0.06),
(889, '2015-06-08 08:18:01', 0.06),
(890, '2015-06-08 08:19:02', 0.06),
(891, '2015-06-08 08:20:01', 0.06),
(892, '2015-06-08 08:21:01', 0.09),
(893, '2015-06-08 08:22:01', 0.06),
(894, '2015-06-08 08:23:01', 0.05),
(895, '2015-06-08 08:24:01', 0.06),
(896, '2015-06-08 08:25:01', 0.08),
(897, '2015-06-08 08:26:01', 0.05),
(898, '2015-06-08 08:27:01', 0.05),
(899, '2015-06-08 08:28:01', 0.06),
(900, '2015-06-08 08:29:02', 0.06),
(901, '2015-06-08 08:30:01', 0.06),
(902, '2015-06-08 08:31:01', 0.06),
(903, '2015-06-08 08:32:02', 0.08),
(904, '2015-06-08 08:33:04', 0.03),
(905, '2015-06-08 08:34:01', 0.05),
(906, '2015-06-08 08:35:01', 0.05),
(907, '2015-06-08 08:36:02', 0.07),
(908, '2015-06-08 08:37:01', 0.06),
(909, '2015-06-08 08:38:01', 0.05),
(910, '2015-06-08 08:39:01', 0.06),
(911, '2015-06-08 08:40:01', 0.03),
(912, '2015-06-08 08:41:01', 0.06),
(913, '2015-06-08 08:42:01', 0.07),
(914, '2015-06-08 08:43:02', 0.10),
(915, '2015-06-08 08:44:01', 0.06),
(916, '2015-06-08 08:45:01', 0.05),
(917, '2015-06-08 08:46:02', 0.05),
(918, '2015-06-08 08:47:01', 0.04),
(919, '2015-06-08 08:48:01', 0.05),
(920, '2015-06-08 08:49:01', 0.05),
(921, '2015-06-08 08:50:01', 0.05),
(922, '2015-06-08 08:51:01', 0.05),
(923, '2015-06-08 08:52:01', 0.05),
(924, '2015-06-08 08:53:02', 0.05),
(925, '2015-06-08 08:54:01', 0.05),
(926, '2015-06-08 08:55:05', 0.06),
(927, '2015-06-08 08:56:02', 0.06),
(928, '2015-06-08 08:57:01', 0.05),
(929, '2015-06-08 08:58:02', 0.05),
(930, '2015-06-08 08:59:02', 0.06),
(931, '2015-06-08 09:00:01', 0.05),
(932, '2015-06-08 09:01:07', 0.08),
(933, '2015-06-08 09:02:06', 0.06),
(934, '2015-06-08 09:03:06', 0.14),
(935, '2015-06-08 09:04:48', 0.29),
(936, '2015-06-08 09:05:06', 0.09),
(937, '2015-06-08 09:06:06', 0.13),
(938, '2015-06-08 09:07:05', 0.08),
(939, '2015-06-08 09:08:07', 0.14),
(940, '2015-06-08 09:09:01', 0.08),
(941, '2015-06-08 09:10:01', 0.12),
(942, '2015-06-08 09:11:01', 0.04),
(943, '2015-06-08 09:12:02', 0.05),
(944, '2015-06-08 09:13:01', 0.04),
(945, '2015-06-08 09:14:05', 0.10),
(946, '2015-06-08 09:15:01', 0.05),
(947, '2015-06-08 09:16:02', 0.03),
(948, '2015-06-08 09:17:01', 0.05),
(949, '2015-06-08 09:18:01', 0.05),
(950, '2015-06-08 09:19:02', 0.06),
(951, '2015-06-08 09:20:01', 0.04),
(952, '2015-06-08 09:21:01', 0.05),
(953, '2015-06-08 09:22:02', 0.04),
(954, '2015-06-08 09:23:01', 0.06),
(955, '2015-06-08 09:24:01', 0.03),
(956, '2015-06-08 09:25:01', 0.06),
(957, '2015-06-08 09:26:01', 0.05),
(958, '2015-06-08 09:27:01', 0.04),
(959, '2015-06-08 09:28:05', 0.05),
(960, '2015-06-08 09:29:01', 0.06),
(961, '2015-06-08 09:30:01', 0.05),
(962, '2015-06-08 09:31:01', 0.05),
(963, '2015-06-08 09:32:01', 0.04),
(964, '2015-06-08 09:33:01', 0.05),
(965, '2015-06-08 09:34:01', 0.07),
(966, '2015-06-08 09:35:01', 0.06),
(967, '2015-06-08 09:36:01', 0.07),
(968, '2015-06-08 09:37:01', 0.05),
(969, '2015-06-08 09:38:01', 0.04),
(970, '2015-06-08 09:39:01', 0.07),
(971, '2015-06-08 09:40:01', 0.05),
(972, '2015-06-08 09:41:01', 0.05),
(973, '2015-06-08 09:42:01', 0.34),
(974, '2015-06-08 09:43:02', 0.06),
(975, '2015-06-08 09:44:01', 0.08),
(976, '2015-06-08 09:45:01', 0.05),
(977, '2015-06-08 09:46:02', 0.04),
(978, '2015-06-08 09:47:01', 0.04),
(979, '2015-06-08 09:48:01', 0.05),
(980, '2015-06-08 09:49:01', 0.04),
(981, '2015-06-08 09:50:01', 0.03),
(982, '2015-06-08 09:51:01', 0.05),
(983, '2015-06-08 09:52:01', 0.04),
(984, '2015-06-08 09:53:02', 0.05),
(985, '2015-06-08 09:54:01', 0.05),
(986, '2015-06-08 09:55:01', 0.05),
(987, '2015-06-08 09:56:02', 0.05),
(988, '2015-06-08 09:57:05', 0.12),
(989, '2015-06-08 09:58:01', 0.05),
(990, '2015-06-08 09:59:01', 0.05),
(991, '2015-06-08 10:00:01', 0.04),
(992, '2015-06-08 10:01:01', 0.05),
(993, '2015-06-08 10:02:01', 0.05),
(994, '2015-06-08 10:03:01', 0.04),
(995, '2015-06-08 10:04:02', 0.06),
(996, '2015-06-08 10:05:01', 0.09),
(997, '2015-06-08 10:06:06', 0.13),
(998, '2015-06-08 10:07:05', 0.08),
(999, '2015-06-08 10:08:02', 0.13),
(1000, '2015-06-08 10:09:01', 0.09),
(1001, '2015-06-08 10:10:01', 0.07),
(1002, '2015-06-08 10:11:01', 0.07),
(1003, '2015-06-08 10:12:01', 0.11),
(1004, '2015-06-08 10:13:02', 0.07),
(1005, '2015-06-08 10:14:01', 0.09),
(1006, '2015-06-08 10:15:01', 0.07),
(1007, '2015-06-08 10:16:02', 0.06),
(1008, '2015-06-08 10:17:01', 0.06),
(1009, '2015-06-08 10:18:01', 0.06),
(1010, '2015-06-08 10:19:01', 0.06),
(1011, '2015-06-08 10:20:01', 0.06),
(1012, '2015-06-08 10:21:01', 0.06),
(1013, '2015-06-08 10:22:01', 0.06),
(1014, '2015-06-08 10:23:01', 0.06),
(1015, '2015-06-08 10:24:01', 0.07),
(1016, '2015-06-08 10:25:01', 0.06),
(1017, '2015-06-08 10:26:01', 0.06),
(1018, '2015-06-08 10:27:01', 0.07),
(1019, '2015-06-08 10:28:01', 0.07),
(1020, '2015-06-08 10:29:01', 0.07),
(1021, '2015-06-08 10:30:01', 0.07),
(1022, '2015-06-08 10:31:01', 0.06),
(1023, '2015-06-08 10:32:01', 0.06),
(1024, '2015-06-08 10:33:01', 0.06),
(1025, '2015-06-08 10:34:01', 0.06),
(1026, '2015-06-08 10:35:01', 0.07),
(1027, '2015-06-08 10:36:02', 0.10),
(1028, '2015-06-08 10:37:01', 0.42),
(1029, '2015-06-08 10:38:01', 0.08),
(1030, '2015-06-08 10:39:01', 0.07),
(1031, '2015-06-08 10:40:01', 0.07),
(1032, '2015-06-08 10:41:02', 0.06),
(1033, '2015-06-08 10:42:01', 0.39),
(1034, '2015-06-08 10:43:01', 0.07),
(1035, '2015-06-08 10:44:01', 0.06),
(1036, '2015-06-08 10:45:01', 0.06),
(1037, '2015-06-08 10:46:01', 0.11),
(1038, '2015-06-08 10:47:01', 0.06),
(1039, '2015-06-08 10:48:01', 0.06),
(1040, '2015-06-08 10:49:01', 0.06),
(1041, '2015-06-08 10:50:01', 0.06),
(1042, '2015-06-08 10:51:01', 0.06),
(1043, '2015-06-08 10:52:01', 0.06),
(1044, '2015-06-08 10:53:01', 0.06),
(1045, '2015-06-08 10:54:02', 0.11),
(1046, '2015-06-08 10:55:01', 0.06),
(1047, '2015-06-08 10:56:01', 0.07),
(1048, '2015-06-08 10:57:01', 0.06),
(1049, '2015-06-08 10:58:01', 0.06),
(1050, '2015-06-08 10:59:01', 0.07),
(1051, '2015-06-08 11:00:01', 0.06),
(1052, '2015-06-08 11:01:01', 0.07),
(1053, '2015-06-08 11:02:01', 0.07),
(1054, '2015-06-08 11:03:01', 0.07),
(1055, '2015-06-08 11:04:02', 0.07),
(1056, '2015-06-08 11:05:01', 0.05),
(1057, '2015-06-08 11:06:01', 0.07),
(1058, '2015-06-08 11:07:02', 0.07),
(1059, '2015-06-08 11:08:02', 0.06),
(1060, '2015-06-08 11:09:01', 0.07),
(1061, '2015-06-08 11:10:02', 0.06),
(1062, '2015-06-08 11:11:01', 0.06),
(1063, '2015-06-08 11:12:01', 0.07),
(1064, '2015-06-08 11:13:01', 0.06),
(1065, '2015-06-08 11:14:01', 0.07),
(1066, '2015-06-08 11:15:01', 0.06),
(1067, '2015-06-08 11:16:01', 0.09),
(1068, '2015-06-08 11:17:01', 0.06),
(1069, '2015-06-08 11:18:01', 0.05),
(1070, '2015-06-08 11:19:01', 0.05),
(1071, '2015-06-08 11:20:02', 0.05),
(1072, '2015-06-08 11:21:01', 0.05),
(1073, '2015-06-08 11:22:01', 0.06),
(1074, '2015-06-08 11:23:01', 0.05),
(1075, '2015-06-08 11:24:01', 0.07),
(1076, '2015-06-08 11:25:01', 0.05),
(1077, '2015-06-08 11:26:01', 0.05),
(1078, '2015-06-08 11:27:02', 0.07),
(1079, '2015-06-08 11:28:01', 0.06),
(1080, '2015-06-08 11:29:01', 0.06),
(1081, '2015-06-08 11:30:02', 0.06),
(1082, '2015-06-08 11:31:01', 0.06),
(1083, '2015-06-08 11:32:01', 0.05),
(1084, '2015-06-08 11:33:01', 0.05),
(1085, '2015-06-08 11:34:01', 0.04),
(1086, '2015-06-08 11:35:01', 0.06),
(1087, '2015-06-08 11:36:01', 0.06),
(1088, '2015-06-08 11:37:02', 0.10),
(1089, '2015-06-08 11:38:01', 0.06),
(1090, '2015-06-08 12:11:09', 0.16),
(1091, '2015-06-08 12:12:01', 0.07),
(1092, '2015-06-08 12:13:02', 0.06),
(1093, '2015-06-08 12:14:01', 0.06),
(1094, '2015-06-08 12:15:01', 0.06),
(1095, '2015-06-08 12:16:02', 0.09),
(1096, '2015-06-08 12:17:01', 0.06),
(1097, '2015-06-08 12:18:01', 0.06),
(1098, '2015-06-08 12:19:02', 0.06),
(1099, '2015-06-08 12:20:01', 0.10),
(1100, '2015-06-08 12:21:01', 0.06),
(1101, '2015-06-08 12:22:01', 0.06),
(1102, '2015-06-08 12:23:01', 0.06),
(1103, '2015-06-08 12:24:01', 0.06),
(1104, '2015-06-08 12:25:01', 0.10),
(1105, '2015-06-08 12:26:01', 0.06),
(1106, '2015-06-08 12:27:01', 0.07),
(1107, '2015-06-08 12:28:01', 0.06),
(1108, '2015-06-08 12:29:01', 0.08),
(1109, '2015-06-08 12:30:01', 0.07),
(1110, '2015-06-08 12:31:01', 0.07),
(1111, '2015-06-08 12:32:01', 0.06),
(1112, '2015-06-08 12:33:01', 0.05),
(1113, '2015-06-08 12:34:01', 0.05),
(1114, '2015-06-08 12:35:01', 0.09),
(1115, '2015-06-08 12:36:02', 0.05),
(1116, '2015-06-08 12:37:01', 0.05),
(1117, '2015-06-08 12:38:01', 0.09),
(1118, '2015-06-08 12:39:01', 0.08),
(1119, '2015-06-08 12:40:01', 0.05),
(1120, '2015-06-08 12:41:01', 0.05),
(1121, '2015-06-08 12:42:01', 0.05),
(1122, '2015-06-08 12:43:02', 0.05),
(1123, '2015-06-08 12:44:01', 0.08),
(1124, '2015-06-08 12:45:01', 0.06),
(1125, '2015-06-08 12:46:01', 0.06),
(1126, '2015-06-08 12:47:01', 0.04),
(1127, '2015-06-08 12:48:01', 0.05),
(1128, '2015-06-08 12:49:01', 0.05),
(1129, '2015-06-08 12:50:01', 0.05),
(1130, '2015-06-08 12:51:01', 0.05),
(1131, '2015-06-08 12:52:01', 0.06),
(1132, '2015-06-08 12:53:01', 0.05),
(1133, '2015-06-08 12:54:02', 0.06),
(1134, '2015-06-08 12:55:01', 0.05),
(1135, '2015-06-08 12:56:01', 0.05),
(1136, '2015-06-08 12:57:01', 0.06),
(1137, '2015-06-08 12:58:01', 0.05),
(1138, '2015-06-08 12:59:01', 0.05),
(1139, '2015-06-08 13:00:01', 0.05),
(1140, '2015-06-08 13:01:02', 0.05),
(1141, '2015-06-08 13:02:01', 0.05),
(1142, '2015-06-08 13:03:01', 0.05),
(1143, '2015-06-08 13:04:05', 0.13),
(1144, '2015-06-08 13:05:04', 0.04),
(1145, '2015-06-08 13:06:01', 0.05),
(1146, '2015-06-08 13:07:01', 0.05),
(1147, '2015-06-08 13:08:01', 0.05),
(1148, '2015-06-08 13:09:02', 0.10),
(1149, '2015-06-08 13:10:01', 0.05),
(1150, '2015-06-08 13:11:01', 0.07),
(1151, '2015-06-08 13:12:02', 0.08),
(1152, '2015-06-08 13:13:01', 0.07),
(1153, '2015-06-08 13:14:01', 0.03),
(1154, '2015-06-08 13:15:01', 0.06),
(1155, '2015-06-08 13:16:01', 0.06),
(1156, '2015-06-08 13:17:01', 0.05),
(1157, '2015-06-08 13:18:01', 0.06),
(1158, '2015-06-08 13:19:01', 0.06),
(1159, '2015-06-08 13:20:01', 0.06),
(1160, '2015-06-08 13:21:01', 0.06),
(1161, '2015-06-08 13:22:01', 0.06),
(1162, '2015-06-08 13:23:01', 0.05),
(1163, '2015-06-08 13:24:01', 0.06),
(1164, '2015-06-08 13:25:01', 0.08),
(1165, '2015-06-08 13:26:01', 0.06),
(1166, '2015-06-08 13:27:01', 0.04),
(1167, '2015-06-08 13:28:01', 0.06),
(1168, '2015-06-08 13:29:01', 0.06),
(1169, '2015-06-08 13:30:01', 0.05),
(1170, '2015-06-08 13:31:01', 0.06),
(1171, '2015-06-08 13:32:01', 0.06),
(1172, '2015-06-08 13:33:02', 0.05),
(1173, '2015-06-08 13:34:01', 0.06),
(1174, '2015-06-08 13:35:01', 0.05),
(1175, '2015-06-08 13:36:01', 0.06),
(1176, '2015-06-08 13:37:01', 0.08),
(1177, '2015-06-08 13:38:01', 0.05),
(1178, '2015-06-08 13:39:01', 0.06),
(1179, '2015-06-08 13:40:02', 0.06),
(1180, '2015-06-08 13:41:01', 0.05),
(1181, '2015-06-08 13:42:01', 0.05),
(1182, '2015-06-08 13:43:01', 0.06),
(1183, '2015-06-08 13:44:01', 0.05),
(1184, '2015-06-08 13:45:01', 0.05),
(1185, '2015-06-08 13:46:01', 0.07),
(1186, '2015-06-08 13:47:02', 0.06),
(1187, '2015-06-08 13:48:01', 0.06),
(1188, '2015-06-08 13:49:01', 0.08),
(1189, '2015-06-08 13:50:01', 0.05),
(1190, '2015-06-08 13:51:01', 0.08),
(1191, '2015-06-08 13:52:01', 0.06),
(1192, '2015-06-08 13:53:01', 0.06),
(1193, '2015-06-08 13:54:02', 0.06),
(1194, '2015-06-08 13:55:01', 0.06),
(1195, '2015-06-08 13:56:01', 0.05),
(1196, '2015-06-08 13:57:01', 0.05),
(1197, '2015-06-08 13:58:01', 0.05),
(1198, '2015-06-08 13:59:01', 0.06),
(1199, '2015-06-08 14:00:01', 0.07),
(1200, '2015-06-08 14:01:01', 0.05),
(1201, '2015-06-08 14:02:01', 0.05),
(1202, '2015-06-08 14:03:01', 0.05),
(1203, '2015-06-08 14:04:01', 0.05),
(1204, '2015-06-08 14:05:02', 0.05),
(1205, '2015-06-08 14:06:01', 0.05),
(1206, '2015-06-08 14:07:01', 0.06),
(1207, '2015-06-08 14:08:01', 0.06),
(1208, '2015-06-08 14:09:01', 0.06),
(1209, '2015-06-08 14:10:01', 0.05),
(1210, '2015-06-08 14:11:01', 0.07),
(1211, '2015-06-08 14:12:02', 0.06),
(1212, '2015-06-08 14:13:01', 0.07),
(1213, '2015-06-08 14:14:01', 0.08),
(1214, '2015-06-08 14:15:01', 0.06),
(1215, '2015-06-08 14:16:01', 0.07),
(1216, '2015-06-08 14:17:01', 0.10),
(1217, '2015-06-08 14:18:01', 0.05),
(1218, '2015-06-08 14:19:01', 0.05),
(1219, '2015-06-08 14:20:01', 0.08),
(1220, '2015-06-08 14:21:01', 0.06),
(1221, '2015-06-08 14:22:02', 0.06),
(1222, '2015-06-08 14:23:01', 0.06),
(1223, '2015-06-08 14:24:01', 0.06),
(1224, '2015-06-08 14:25:01', 0.06),
(1225, '2015-06-08 14:26:01', 0.06),
(1226, '2015-06-08 14:27:01', 0.05),
(1227, '2015-06-08 14:28:01', 0.05),
(1228, '2015-06-08 14:29:02', 0.07),
(1229, '2015-06-08 14:30:01', 0.05),
(1230, '2015-06-08 14:31:01', 0.06),
(1231, '2015-06-08 14:32:01', 0.05),
(1232, '2015-06-08 14:33:01', 0.06),
(1233, '2015-06-08 14:34:01', 0.06),
(1234, '2015-06-08 14:35:01', 0.06),
(1235, '2015-06-08 14:36:02', 0.06),
(1236, '2015-06-08 14:37:01', 0.05),
(1237, '2015-06-08 14:38:01', 0.05),
(1238, '2015-06-08 14:39:01', 0.06),
(1239, '2015-06-08 14:40:01', 0.05),
(1240, '2015-06-08 14:41:01', 0.06),
(1241, '2015-06-08 14:42:01', 0.06),
(1242, '2015-06-08 14:43:01', 0.05),
(1243, '2015-06-08 14:44:01', 0.06),
(1244, '2015-06-08 14:45:01', 0.05),
(1245, '2015-06-08 14:46:01', 0.06),
(1246, '2015-06-08 14:47:02', 0.05),
(1247, '2015-06-08 14:48:01', 0.06),
(1248, '2015-06-08 14:49:01', 0.06),
(1249, '2015-06-08 14:50:01', 0.06),
(1250, '2015-06-08 14:51:01', 0.06),
(1251, '2015-06-08 14:52:01', 0.06),
(1252, '2015-06-08 14:53:01', 0.07),
(1253, '2015-06-08 14:54:02', 0.06),
(1254, '2015-06-08 14:55:01', 0.06),
(1255, '2015-06-08 14:56:01', 0.06),
(1256, '2015-06-08 14:57:01', 0.05),
(1257, '2015-06-08 14:58:01', 0.06),
(1258, '2015-06-08 14:59:01', 0.06),
(1259, '2015-06-08 15:00:01', 0.06),
(1260, '2015-06-08 15:01:01', 0.05),
(1261, '2015-06-08 15:02:01', 0.05),
(1262, '2015-06-08 15:03:01', 0.05),
(1263, '2015-06-08 15:04:01', 0.06),
(1264, '2015-06-08 15:05:02', 0.06),
(1265, '2015-06-08 15:06:01', 0.05),
(1266, '2015-06-08 15:07:01', 0.06),
(1267, '2015-06-08 15:08:01', 0.06),
(1268, '2015-06-08 15:09:01', 0.05),
(1269, '2015-06-08 15:10:01', 0.06),
(1270, '2015-06-08 15:11:01', 0.05),
(1271, '2015-06-08 15:12:02', 0.05),
(1272, '2015-06-08 15:13:01', 0.06),
(1273, '2015-06-08 15:14:01', 0.05),
(1274, '2015-06-08 15:15:01', 0.06),
(1275, '2015-06-08 15:16:01', 0.07),
(1276, '2015-06-08 15:17:01', 0.05),
(1277, '2015-06-08 15:18:01', 0.06),
(1278, '2015-06-08 15:19:02', 0.07),
(1279, '2015-06-08 15:20:01', 0.06),
(1280, '2015-06-08 15:21:01', 0.05),
(1281, '2015-06-08 15:22:01', 0.06),
(1282, '2015-06-08 15:23:01', 0.06),
(1283, '2015-06-08 15:24:01', 0.05),
(1284, '2015-06-08 15:25:01', 0.05),
(1285, '2015-06-08 15:26:02', 0.05),
(1286, '2015-06-08 15:27:01', 0.06),
(1287, '2015-06-08 15:28:01', 0.06),
(1288, '2015-06-08 15:29:01', 0.06),
(1289, '2015-06-08 15:30:02', 0.05),
(1290, '2015-06-08 15:31:01', 0.06),
(1291, '2015-06-08 15:32:01', 0.07),
(1292, '2015-06-08 15:33:01', 0.05),
(1293, '2015-06-08 15:34:01', 0.05),
(1294, '2015-06-08 15:35:01', 0.05),
(1295, '2015-06-08 15:36:01', 0.06),
(1296, '2015-06-08 15:37:02', 0.05),
(1297, '2015-06-08 15:38:01', 0.06),
(1298, '2015-06-08 15:39:01', 0.07),
(1299, '2015-06-08 15:40:01', 0.06),
(1300, '2015-06-08 15:41:01', 0.05),
(1301, '2015-06-08 15:42:01', 0.05),
(1302, '2015-06-08 15:43:01', 0.06),
(1303, '2015-06-08 15:44:01', 0.06),
(1304, '2015-06-08 15:45:01', 0.06),
(1305, '2015-06-08 15:46:01', 0.06),
(1306, '2015-06-08 15:47:01', 0.06),
(1307, '2015-06-08 15:48:02', 0.06),
(1308, '2015-06-08 15:49:01', 0.06),
(1309, '2015-06-08 15:50:01', 0.06),
(1310, '2015-06-08 15:51:01', 0.07),
(1311, '2015-06-08 15:52:01', 0.06),
(1312, '2015-06-08 15:53:01', 0.05),
(1313, '2015-06-08 15:54:01', 0.05),
(1314, '2015-06-08 15:55:02', 0.06),
(1315, '2015-06-08 15:56:01', 0.06),
(1316, '2015-06-08 15:57:01', 0.05),
(1317, '2015-06-08 15:58:01', 0.06),
(1318, '2015-06-08 15:59:01', 0.05),
(1319, '2015-06-08 16:00:01', 0.06),
(1320, '2015-06-08 16:01:01', 0.05),
(1321, '2015-06-08 16:02:02', 0.12),
(1322, '2015-06-08 16:03:04', 0.03),
(1323, '2015-06-08 16:04:06', 0.09),
(1324, '2015-06-08 16:05:03', 0.13),
(1325, '2015-06-08 16:06:04', 0.04),
(1326, '2015-06-08 16:07:01', 0.05),
(1327, '2015-06-08 16:08:01', 0.05),
(1328, '2015-06-08 16:09:01', 0.09),
(1329, '2015-06-08 16:10:02', 0.05),
(1330, '2015-06-08 16:11:01', 0.10),
(1331, '2015-06-08 16:12:02', 0.10),
(1332, '2015-06-08 16:13:01', 0.05),
(1333, '2015-06-08 16:14:01', 0.05),
(1334, '2015-06-08 16:15:02', 0.05),
(1335, '2015-06-08 16:16:01', 0.06),
(1336, '2015-06-08 16:17:01', 0.06),
(1337, '2015-06-08 16:18:02', 0.06),
(1338, '2015-06-08 16:19:01', 0.05),
(1339, '2015-06-08 16:20:01', 0.06),
(1340, '2015-06-08 16:21:01', 0.06),
(1341, '2015-06-08 16:22:01', 0.06),
(1342, '2015-06-08 16:23:01', 0.05),
(1343, '2015-06-08 16:24:01', 0.06),
(1344, '2015-06-08 16:25:02', 0.05),
(1345, '2015-06-08 16:26:01', 0.06),
(1346, '2015-06-08 16:27:02', 0.05),
(1347, '2015-06-08 16:28:01', 0.06),
(1348, '2015-06-08 16:29:02', 0.06),
(1349, '2015-06-08 16:30:02', 0.05),
(1350, '2015-06-08 16:31:01', 0.05),
(1351, '2015-06-08 16:32:01', 0.10),
(1352, '2015-06-08 16:33:02', 0.03),
(1353, '2015-06-08 16:34:02', 0.08),
(1354, '2015-06-08 16:35:01', 0.05),
(1355, '2015-06-08 16:36:01', 0.05),
(1356, '2015-06-08 16:37:01', 0.05),
(1357, '2015-06-08 16:38:01', 0.07),
(1358, '2015-06-08 16:39:01', 0.06),
(1359, '2015-06-08 16:40:02', 0.06),
(1360, '2015-06-08 16:41:01', 0.06),
(1361, '2015-06-08 16:42:01', 0.05),
(1362, '2015-06-08 16:43:01', 0.05),
(1363, '2015-06-08 16:44:01', 0.05),
(1364, '2015-06-08 16:45:01', 0.04),
(1365, '2015-06-08 16:46:02', 0.05),
(1366, '2015-06-08 16:47:01', 0.06),
(1367, '2015-06-08 16:48:01', 0.06),
(1368, '2015-06-08 16:49:01', 0.07),
(1369, '2015-06-08 16:50:01', 0.05),
(1370, '2015-06-08 16:51:01', 0.05),
(1371, '2015-06-08 16:52:02', 0.05),
(1372, '2015-06-08 16:53:01', 0.05),
(1373, '2015-06-08 16:54:01', 0.06),
(1374, '2015-06-08 16:55:01', 0.06),
(1375, '2015-06-08 16:56:01', 0.05),
(1376, '2015-06-08 16:57:01', 0.06),
(1377, '2015-06-08 16:58:01', 0.06),
(1378, '2015-06-08 16:59:02', 0.06),
(1379, '2015-06-08 17:00:01', 0.06),
(1380, '2015-06-08 17:01:01', 0.06),
(1381, '2015-06-08 17:02:01', 0.07),
(1382, '2015-06-08 17:03:01', 0.05),
(1383, '2015-06-08 17:04:01', 0.06),
(1384, '2015-06-08 17:05:01', 0.06),
(1385, '2015-06-08 17:06:02', 0.06),
(1386, '2015-06-08 17:07:01', 0.07),
(1387, '2015-06-08 17:08:01', 0.09),
(1388, '2015-06-08 17:09:01', 0.08),
(1389, '2015-06-08 17:10:01', 0.06),
(1390, '2015-06-08 17:11:01', 0.06),
(1391, '2015-06-08 17:12:01', 0.06),
(1392, '2015-06-08 17:13:01', 0.07),
(1393, '2015-06-08 17:14:01', 0.06),
(1394, '2015-06-08 17:15:01', 0.06),
(1395, '2015-06-08 17:16:01', 0.07),
(1396, '2015-06-08 17:17:01', 0.07),
(1397, '2015-06-08 17:18:01', 0.07),
(1398, '2015-06-08 17:19:01', 0.06),
(1399, '2015-06-08 17:20:01', 0.06),
(1400, '2015-06-08 17:21:01', 0.06),
(1401, '2015-06-08 17:22:01', 0.07),
(1402, '2015-06-08 17:23:02', 0.06),
(1403, '2015-06-08 17:24:01', 0.06),
(1404, '2015-06-08 17:25:01', 0.06),
(1405, '2015-06-08 17:26:01', 0.06),
(1406, '2015-06-08 17:27:01', 0.06),
(1407, '2015-06-08 17:28:01', 0.06),
(1408, '2015-06-08 17:29:01', 0.06),
(1409, '2015-06-08 17:30:02', 0.03),
(1410, '2015-06-08 17:31:01', 0.06),
(1411, '2015-06-08 17:32:01', 0.07),
(1412, '2015-06-08 17:33:01', 0.07),
(1413, '2015-06-08 17:34:01', 0.06),
(1414, '2015-06-08 17:35:01', 0.07),
(1415, '2015-06-08 17:36:01', 0.06),
(1416, '2015-06-08 17:37:02', 0.06),
(1417, '2015-06-08 17:38:01', 0.06),
(1418, '2015-06-08 17:39:01', 0.06),
(1419, '2015-06-08 17:40:01', 0.07),
(1420, '2015-06-08 17:41:01', 0.06),
(1421, '2015-06-08 17:42:01', 0.06),
(1422, '2015-06-08 17:43:01', 0.06),
(1423, '2015-06-08 17:44:02', 0.06),
(1424, '2015-06-08 17:45:01', 0.06),
(1425, '2015-06-08 17:46:01', 0.06),
(1426, '2015-06-08 17:47:01', 0.06),
(1427, '2015-06-08 17:48:01', 0.06),
(1428, '2015-06-08 17:49:01', 0.06),
(1429, '2015-06-08 17:50:01', 0.06),
(1430, '2015-06-08 17:51:02', 0.05),
(1431, '2015-06-08 17:52:01', 0.06),
(1432, '2015-06-08 17:53:01', 0.06),
(1433, '2015-06-08 17:54:01', 0.06),
(1434, '2015-06-08 17:55:02', 0.06),
(1435, '2015-06-08 17:56:01', 0.05),
(1436, '2015-06-08 17:57:01', 0.06),
(1437, '2015-06-08 17:58:01', 0.06),
(1438, '2015-06-08 17:59:01', 0.06),
(1439, '2015-06-08 18:00:01', 0.09),
(1440, '2015-06-08 18:01:01', 0.06),
(1441, '2015-06-08 18:02:02', 0.05),
(1442, '2015-06-08 18:03:01', 0.06),
(1443, '2015-06-08 18:04:01', 0.06),
(1444, '2015-06-08 18:05:01', 0.06),
(1445, '2015-06-08 18:06:01', 0.06),
(1446, '2015-06-08 18:07:01', 0.09),
(1447, '2015-06-08 18:08:01', 0.11),
(1448, '2015-06-08 18:09:02', 0.06),
(1449, '2015-06-08 18:10:01', 0.05),
(1450, '2015-06-08 18:11:02', 0.04),
(1451, '2015-06-08 18:12:01', 0.05),
(1452, '2015-06-08 18:13:01', 0.08),
(1453, '2015-06-08 18:14:01', 0.06),
(1454, '2015-06-08 18:15:01', 0.06),
(1455, '2015-06-08 18:16:01', 0.07),
(1456, '2015-06-08 18:17:01', 0.06),
(1457, '2015-06-08 18:18:02', 0.06),
(1458, '2015-06-08 18:19:01', 0.08);
INSERT INTO `cron_manager` (`id`, `rundate`, `runtime`) VALUES
(1459, '2015-06-08 18:20:02', 0.06),
(1460, '2015-06-08 18:21:02', 0.06),
(1461, '2015-06-08 18:22:01', 0.08),
(1462, '2015-06-08 18:23:01', 0.06),
(1463, '2015-06-08 18:24:01', 0.06),
(1464, '2015-06-08 18:25:01', 0.10),
(1465, '2015-06-08 18:26:02', 0.08),
(1466, '2015-06-08 18:27:01', 0.07),
(1467, '2015-06-08 18:28:02', 0.07),
(1468, '2015-06-08 18:29:01', 0.08),
(1469, '2015-06-08 18:30:02', 0.07),
(1470, '2015-06-08 18:31:02', 0.05),
(1471, '2015-06-08 18:32:11', 0.10),
(1472, '2015-06-08 18:33:01', 0.07),
(1473, '2015-06-08 18:34:01', 0.11),
(1474, '2015-06-08 18:35:04', 0.04),
(1475, '2015-06-08 18:36:02', 0.06),
(1476, '2015-06-08 18:37:02', 0.06),
(1477, '2015-06-08 18:38:06', 0.12),
(1478, '2015-06-08 18:39:07', 0.10),
(1479, '2015-06-08 18:40:09', 0.09),
(1480, '2015-06-08 18:41:03', 0.10),
(1481, '2015-06-08 18:42:03', 0.16),
(1482, '2015-06-08 18:43:02', 0.11),
(1483, '2015-06-08 18:44:03', 0.08),
(1484, '2015-06-08 18:45:02', 0.18),
(1485, '2015-06-08 18:46:01', 0.07),
(1486, '2015-06-08 18:47:01', 0.06),
(1487, '2015-06-08 18:48:01', 0.07),
(1488, '2015-06-08 18:49:01', 0.06),
(1489, '2015-06-08 18:50:02', 0.10),
(1490, '2015-06-08 19:17:04', 0.10),
(1491, '2015-06-08 19:18:01', 0.06),
(1492, '2015-06-08 19:19:01', 0.06),
(1493, '2015-06-08 19:20:01', 0.06),
(1494, '2015-06-08 19:21:01', 0.06),
(1495, '2015-06-08 19:22:01', 0.24),
(1496, '2015-06-08 19:23:01', 0.06),
(1497, '2015-06-08 19:24:01', 0.06),
(1498, '2015-06-08 19:25:02', 0.11),
(1499, '2015-06-08 19:26:01', 0.08),
(1500, '2015-06-08 19:27:01', 0.06),
(1501, '2015-06-08 19:28:01', 0.06),
(1502, '2015-06-08 19:29:01', 0.06),
(1503, '2015-06-08 19:30:02', 0.07),
(1504, '2015-06-08 19:31:02', 0.06),
(1505, '2015-06-08 19:32:01', 0.08),
(1506, '2015-06-08 19:33:01', 0.06),
(1507, '2015-06-08 19:34:01', 0.06),
(1508, '2015-06-08 19:35:01', 0.05),
(1509, '2015-06-08 19:36:02', 0.06),
(1510, '2015-06-08 19:37:01', 0.13),
(1511, '2015-06-08 19:38:01', 0.07),
(1512, '2015-06-08 19:39:01', 0.13),
(1513, '2015-06-08 19:40:01', 0.16),
(1514, '2015-06-08 19:41:01', 0.07),
(1515, '2015-06-08 19:42:02', 0.06),
(1516, '2015-06-08 19:43:01', 0.08),
(1517, '2015-06-08 19:44:01', 0.06),
(1518, '2015-06-08 19:45:01', 0.06),
(1519, '2015-06-08 19:46:01', 0.06),
(1520, '2015-06-08 19:47:01', 0.08),
(1521, '2015-06-08 19:48:01', 0.10),
(1522, '2015-06-08 19:49:02', 0.06),
(1523, '2015-06-08 19:50:01', 0.11),
(1524, '2015-06-08 19:51:01', 0.07),
(1525, '2015-06-08 19:52:01', 0.06),
(1526, '2015-06-08 19:53:01', 0.06),
(1527, '2015-06-08 19:54:01', 0.06),
(1528, '2015-06-08 19:55:01', 0.06),
(1529, '2015-06-08 19:56:02', 0.05),
(1530, '2015-06-08 19:57:01', 0.06),
(1531, '2015-06-08 19:58:01', 0.06),
(1532, '2015-06-08 19:59:01', 0.06),
(1533, '2015-06-08 20:00:01', 0.06),
(1534, '2015-06-08 20:01:02', 0.10),
(1535, '2015-06-08 20:02:01', 0.06),
(1536, '2015-06-08 20:03:02', 0.06),
(1537, '2015-06-08 20:04:01', 0.06),
(1538, '2015-06-08 20:05:01', 0.06),
(1539, '2015-06-08 20:06:01', 0.06),
(1540, '2015-06-08 20:07:01', 0.08),
(1541, '2015-06-08 20:08:01', 0.06),
(1542, '2015-06-08 20:09:01', 0.09),
(1543, '2015-06-08 20:10:01', 0.06),
(1544, '2015-06-08 20:11:01', 0.06),
(1545, '2015-06-08 20:12:01', 0.06),
(1546, '2015-06-08 20:13:01', 0.07),
(1547, '2015-06-08 20:14:01', 0.06),
(1548, '2015-06-08 20:15:01', 0.05),
(1549, '2015-06-08 20:16:01', 0.10),
(1550, '2015-06-08 20:17:01', 0.06),
(1551, '2015-06-08 20:18:02', 0.07),
(1552, '2015-06-08 20:19:01', 0.07),
(1553, '2015-06-08 20:20:01', 0.06),
(1554, '2015-06-08 20:21:02', 0.08),
(1555, '2015-06-08 20:22:01', 0.06),
(1556, '2015-06-08 20:23:01', 0.07),
(1557, '2015-06-08 20:24:03', 0.06),
(1558, '2015-06-08 20:25:01', 0.06),
(1559, '2015-06-08 20:26:01', 0.06),
(1560, '2015-06-08 20:27:01', 0.06),
(1561, '2015-06-08 20:28:01', 0.06),
(1562, '2015-06-08 20:29:02', 0.06),
(1563, '2015-06-08 20:30:01', 0.06),
(1564, '2015-06-08 20:31:01', 0.06),
(1565, '2015-06-08 20:32:02', 0.03),
(1566, '2015-06-08 20:33:02', 0.07),
(1567, '2015-06-08 20:34:04', 0.09),
(1568, '2015-06-08 20:35:03', 0.05),
(1569, '2015-06-08 20:36:01', 0.06),
(1570, '2015-06-08 20:37:02', 0.06),
(1571, '2015-06-08 20:38:01', 0.06),
(1572, '2015-06-08 20:39:01', 0.08),
(1573, '2015-06-08 20:40:01', 0.08),
(1574, '2015-06-08 20:41:01', 0.07),
(1575, '2015-06-08 20:42:01', 0.06),
(1576, '2015-06-08 20:43:01', 0.08),
(1577, '2015-06-08 20:44:01', 0.06),
(1578, '2015-06-08 20:45:01', 0.07),
(1579, '2015-06-08 20:46:02', 0.05),
(1580, '2015-06-08 20:47:01', 0.07),
(1581, '2015-06-08 20:48:01', 0.06),
(1582, '2015-06-08 20:49:01', 0.09),
(1583, '2015-06-08 20:50:01', 0.06),
(1584, '2015-06-08 20:51:01', 0.07),
(1585, '2015-06-08 20:52:01', 0.06),
(1586, '2015-06-08 20:53:01', 0.13),
(1587, '2015-06-08 20:54:01', 0.06),
(1588, '2015-06-08 20:55:01', 0.06),
(1589, '2015-06-08 20:56:01', 0.06),
(1590, '2015-06-08 20:57:01', 0.06),
(1591, '2015-06-08 20:58:01', 0.07),
(1592, '2015-06-08 20:59:01', 0.08),
(1593, '2015-06-08 21:00:02', 0.05),
(1594, '2015-06-08 21:01:01', 0.08),
(1595, '2015-06-08 21:02:01', 0.05),
(1596, '2015-06-08 21:03:02', 0.09),
(1597, '2015-06-08 21:04:01', 0.09),
(1598, '2015-06-08 21:05:02', 0.09),
(1599, '2015-06-08 21:06:01', 0.06),
(1600, '2015-06-08 21:07:01', 0.06),
(1601, '2015-06-08 21:08:02', 0.06),
(1602, '2015-06-08 21:09:01', 0.07),
(1603, '2015-06-08 21:10:01', 0.10);

-- --------------------------------------------------------

--
-- Table structure for table `delivery_receipt`
--

CREATE TABLE IF NOT EXISTS `delivery_receipt` (
  `id` int(11) NOT NULL,
  `to` varchar(20) NOT NULL,
  `network-code` varchar(20) NOT NULL,
  `messageId` varchar(20) NOT NULL,
  `msisdn` varchar(20) NOT NULL,
  `status` int(11) NOT NULL,
  `err-code` int(11) NOT NULL,
  `price` varchar(10) NOT NULL,
  `scts` varchar(20) NOT NULL,
  `message-timestamp` timestamp NOT NULL DEFAULT '0000-00-00 00:00:00',
  `created_at` timestamp NOT NULL DEFAULT '0000-00-00 00:00:00',
  `updated_at` timestamp NOT NULL DEFAULT '0000-00-00 00:00:00'
) ENGINE=InnoDB DEFAULT CHARSET=latin1;

-- --------------------------------------------------------

--
-- Table structure for table `laq_async_queue`
--

CREATE TABLE IF NOT EXISTS `laq_async_queue` (
  `id` int(10) unsigned NOT NULL,
  `status` int(11) NOT NULL DEFAULT '0',
  `retries` int(11) NOT NULL DEFAULT '0',
  `delay` int(11) NOT NULL DEFAULT '0',
  `payload` longtext COLLATE utf8_unicode_ci,
  `created_at` timestamp NOT NULL DEFAULT '0000-00-00 00:00:00',
  `updated_at` timestamp NOT NULL DEFAULT '0000-00-00 00:00:00'
) ENGINE=InnoDB AUTO_INCREMENT=5 DEFAULT CHARSET=utf8 COLLATE=utf8_unicode_ci;

--
-- Dumping data for table `laq_async_queue`
--

INSERT INTO `laq_async_queue` (`id`, `status`, `retries`, `delay`, `payload`, `created_at`, `updated_at`) VALUES
(4, 2, 1, 0, '{"job":"mailer@handleQueuedMessage","data":{"view":"backend.login.message","data":{"password":976405},"callback":"C:38:\\"Illuminate\\\\Support\\\\SerializableClosure\\":1531:{a:2:{i:0;s:99:\\"function ($message) use($um) {\\n    $message->to($um->email, $um->name)->subject(''New Password'');\\n};\\";i:1;a:1:{s:2:\\"um\\";O:9:\\"UserModel\\":21:{s:13:\\"\\u0000*\\u0000softDelete\\";b:1;s:8:\\"\\u0000*\\u0000table\\";s:5:\\"users\\";s:13:\\"\\u0000*\\u0000connection\\";N;s:13:\\"\\u0000*\\u0000primaryKey\\";s:2:\\"id\\";s:10:\\"\\u0000*\\u0000perPage\\";i:15;s:12:\\"incrementing\\";b:1;s:10:\\"timestamps\\";b:1;s:13:\\"\\u0000*\\u0000attributes\\";a:14:{s:2:\\"id\\";s:2:\\"14\\";s:4:\\"name\\";s:10:\\"Mas Mukmin\\";s:5:\\"email\\";s:24:\\"giarsyani.nuli@gmail.com\\";s:8:\\"password\\";s:32:\\"57e5e80d85ce55f84103df77c104e5ef\\";s:7:\\"address\\";s:8:\\"Adelaide\\";s:9:\\"longitude\\";s:1:\\"0\\";s:8:\\"latitude\\";s:1:\\"0\\";s:5:\\"phone\\";s:13:\\"6281324536968\\";s:5:\\"image\\";s:0:\\"\\";s:9:\\"is_active\\";s:1:\\"1\\";s:5:\\"level\\";s:1:\\"3\\";s:10:\\"deleted_at\\";N;s:10:\\"created_at\\";s:19:\\"2015-05-24 11:25:12\\";s:10:\\"updated_at\\";s:19:\\"2015-05-30 13:29:33\\";}s:11:\\"\\u0000*\\u0000original\\";a:14:{s:2:\\"id\\";s:2:\\"14\\";s:4:\\"name\\";s:10:\\"Mas Mukmin\\";s:5:\\"email\\";s:24:\\"giarsyani.nuli@gmail.com\\";s:8:\\"password\\";s:32:\\"57e5e80d85ce55f84103df77c104e5ef\\";s:7:\\"address\\";s:8:\\"Adelaide\\";s:9:\\"longitude\\";s:1:\\"0\\";s:8:\\"latitude\\";s:1:\\"0\\";s:5:\\"phone\\";s:13:\\"6281324536968\\";s:5:\\"image\\";s:0:\\"\\";s:9:\\"is_active\\";s:1:\\"1\\";s:5:\\"level\\";s:1:\\"3\\";s:10:\\"deleted_at\\";N;s:10:\\"created_at\\";s:19:\\"2015-05-24 11:25:12\\";s:10:\\"updated_at\\";s:19:\\"2015-05-30 13:29:33\\";}s:12:\\"\\u0000*\\u0000relations\\";a:0:{}s:9:\\"\\u0000*\\u0000hidden\\";a:0:{}s:10:\\"\\u0000*\\u0000visible\\";a:0:{}s:10:\\"\\u0000*\\u0000appends\\";a:0:{}s:11:\\"\\u0000*\\u0000fillable\\";a:0:{}s:10:\\"\\u0000*\\u0000guarded\\";a:1:{i:0;s:1:\\"*\\";}s:8:\\"\\u0000*\\u0000dates\\";a:0:{}s:10:\\"\\u0000*\\u0000touches\\";a:0:{}s:14:\\"\\u0000*\\u0000observables\\";a:0:{}s:7:\\"\\u0000*\\u0000with\\";a:0:{}s:13:\\"\\u0000*\\u0000morphClass\\";N;s:6:\\"exists\\";b:1;}}}}"}}', '2015-05-30 06:29:33', '2015-05-30 06:29:33');

-- --------------------------------------------------------

--
-- Table structure for table `list_country`
--

CREATE TABLE IF NOT EXISTS `list_country` (
  `id` int(11) NOT NULL,
  `country_id` varchar(50) NOT NULL,
  `country_name` varchar(100) NOT NULL,
  `country_areacode` varchar(10) NOT NULL
) ENGINE=InnoDB AUTO_INCREMENT=248 DEFAULT CHARSET=latin1;

--
-- Dumping data for table `list_country`
--

INSERT INTO `list_country` (`id`, `country_id`, `country_name`, `country_areacode`) VALUES
(2, 'af', 'Afghanistan ', '+93'),
(3, 'ax', 'land Islands ', '+358'),
(4, 'al', 'Albania ', '+355'),
(5, 'dz', 'Algeria ', '+213'),
(6, 'as', 'American Samoa ', '+684'),
(7, 'ad', 'Andorra ', '+376'),
(8, 'ao', 'Angola ', '+244'),
(9, 'ai', 'Anguilla ', '+126'),
(10, 'aq', 'Antarctica ', '+672'),
(11, 'ag', 'Antigua And Barbuda ', '+126'),
(12, 'ar', 'Argentina ', '+54'),
(13, 'am', 'Armenia ', '+374'),
(14, 'aw', 'Aruba ', '+297'),
(15, 'au', 'Australia ', '+61'),
(16, 'at', 'Austria ', '+43'),
(17, 'az', 'Azerbaijan ', '+994'),
(18, 'bs', 'Bahamas ', '+124'),
(19, 'bh', 'Bahrain ', '+973'),
(20, 'bd', 'Bangladesh ', '+880'),
(21, 'bb', 'Barbados ', '+124'),
(22, 'by', 'Belarus ', '+375'),
(23, 'be', 'Belgium ', '+32'),
(24, 'bz', 'Belize ', '+501'),
(25, 'bj', 'Benin ', '+229'),
(26, 'bm', 'Bermuda ', '+144'),
(27, 'bt', 'Bhutan ', '+975'),
(28, 'bo', 'Bolivia ', '+591'),
(29, 'ba', 'Bosnia And Herzegovina ', '+387'),
(30, 'bw', 'Botswana ', '+267'),
(31, 'bv', 'Bouvet Island ', '+47'),
(32, 'br', 'Brazil ', '+55'),
(33, 'io', 'British Indian Ocean Territory ', '+246'),
(34, 'bn', 'Brunei Darussalam ', '+673'),
(35, 'bg', 'Bulgaria ', '+359'),
(36, 'bf', 'Burkina Faso ', '+226'),
(37, 'bi', 'Burundi ', '+257'),
(38, 'kh', 'Cambodia ', '+855'),
(39, 'cm', 'Cameroon ', '+237'),
(40, 'ca', 'Canada ', '+1'),
(41, 'cv', 'Cape Verde ', '+238'),
(42, 'ky', 'Cayman Islands ', '+345'),
(43, 'cf', 'Central African Republic ', '+236'),
(44, 'td', 'Chad ', '+235'),
(45, 'cl', 'Chile ', '+56'),
(46, 'cn', 'China ', '+86'),
(47, 'cx', 'Christmas Island ', '+61'),
(48, 'cc', 'Cocos Keeling Islands ', '+61'),
(49, 'co', 'Colombia ', '+57'),
(50, 'km', 'Comoros ', '+269'),
(51, 'cg', 'Congo ', '+242'),
(52, 'cd', 'Congo The Democratic Republic Of The ', '+243'),
(53, 'ck', 'Cook Islands ', '+682'),
(54, 'cr', 'Costa Rica ', '+506'),
(55, 'ci', 'Cte DIvoire ', '+225'),
(56, 'hr', 'Croatia ', '+385'),
(57, 'cu', 'Cuba ', '+53'),
(58, 'cy', 'Cyprus ', '+357'),
(59, 'cz', 'Czech Republic ', '+420'),
(60, 'dk', 'Denmark ', '+45'),
(61, 'dj', 'Djibouti ', '+253'),
(62, 'dm', 'Dominica ', '+767'),
(63, 'do', 'Dominican Republic ', '+809'),
(64, 'ec', 'Ecuador ', '+593'),
(65, 'eg', 'Egypt', '+20'),
(66, 'sv', 'El Salvador ', '+503'),
(67, 'gq', 'Equatorial Guinea ', '+240'),
(68, 'er', 'Eritrea ', '+291'),
(69, 'ee', 'Estonia ', '+372'),
(70, 'et', 'Ethiopia ', '+251'),
(71, 'fk', 'Falkland Islands Malvinas ', '+500'),
(72, 'fo', 'Faroe Islands ', '+298'),
(73, 'fj', 'Fiji ', '+679'),
(74, 'fi', 'Finland ', '+358'),
(75, 'fr', 'France ', '+33'),
(76, 'gf', 'French Guiana ', '+594'),
(77, 'pf', 'French Polynesia ', '+689'),
(78, 'tf', 'French Southern Territories ', '+596'),
(79, 'ga', 'Gabon ', '+241'),
(80, 'gm', 'Gambia ', '+220'),
(81, 'ge', 'Georgia ', '+995'),
(82, 'de', 'Germany ', '+49'),
(83, 'gh', 'Ghana ', '+233'),
(84, 'gi', 'Gibraltar ', '+350'),
(85, 'gr', 'Greece ', '+30'),
(86, 'gl', 'Greenland ', '+299'),
(87, 'gd', 'Grenada ', '+147'),
(88, 'gp', 'Guadeloupe ', '+590'),
(89, 'gu', 'Guam ', '+167'),
(90, 'gt', 'Guatemala ', '+502'),
(91, 'gg', 'Guernsey ', '+44'),
(92, 'gn', 'Guinea ', '+224'),
(93, 'gw', 'GuineaBissau ', '+245'),
(94, 'gy', 'Guyana ', '+592'),
(95, 'ht', 'Haiti ', '+509'),
(96, 'hm', 'Heard Island And Mcdonald Islands ', '+672'),
(97, 'hn', 'Honduras ', '+504'),
(98, 'hk', 'Hong Kong ', '+852'),
(99, 'hu', 'Hungary ', '+36'),
(100, 'is', 'Iceland ', '+354'),
(101, 'in', 'India ', '+91'),
(102, 'id', 'Indonesia', '+62'),
(103, 'ir', 'Iran Islamic Republic Of ', '+98'),
(104, 'iq', 'Iraq ', '+964'),
(105, 'ie', 'Ireland ', '+353'),
(106, 'im', 'Isle Of Man ', '+44'),
(107, 'il', 'Israel ', '+972'),
(108, 'it', 'Italy ', '+39'),
(109, 'jm', 'Jamaica ', '+876'),
(110, 'jp', 'Japan ', '+81'),
(111, 'je', 'Jersey ', '+44'),
(112, 'jo', 'Jordan ', '+962'),
(113, 'kz', 'Kazakhstan ', '+7'),
(114, 'ke', 'Kenya ', '+254'),
(115, 'ki', 'Kiribati ', '+686'),
(116, 'kw', 'Kuwait ', '+965'),
(117, 'kg', 'Kyrgyzstan ', '+996'),
(118, 'la', 'Laos', '+856'),
(119, 'lv', 'Latvia ', '+371'),
(120, 'lb', 'Lebanon ', '+961'),
(121, 'ls', 'Lesotho ', '+266'),
(122, 'lr', 'Liberia ', '+231'),
(123, 'ly', 'Libyan Arab Jamahiriya ', '+218'),
(124, 'li', 'Liechtenstein ', '+423'),
(125, 'lt', 'Lithuania ', '+370'),
(126, 'lu', 'Luxembourg ', '+352'),
(127, 'mo', 'Macau ', '+853'),
(128, 'mk', 'Macedonia The Former Yugoslav Republic Of ', '+389'),
(129, 'mg', 'Madagascar ', '+261'),
(130, 'mw', 'Malawi ', '+265'),
(131, 'my', 'Malaysia ', '+60'),
(132, 'mv', 'Maldives ', '+960'),
(133, 'ml', 'Mali ', '+223'),
(134, 'mt', 'Malta ', '+356'),
(135, 'mh', 'Marshall Islands ', '+692'),
(136, 'mq', 'Martinique ', '+596'),
(137, 'mr', 'Mauritania ', '+222'),
(138, 'mu', 'Mauritius ', '+230'),
(139, 'yt', 'Mayotte ', '+269'),
(140, 'mx', 'Mexico ', '+52'),
(141, 'fm', 'Micronesia Federated States Of ', '+691'),
(142, 'md', 'Moldova ', '+373'),
(143, 'mc', 'Monaco ', '+377'),
(144, 'mn', 'Mongolia ', '+976'),
(145, 'me', 'Montenegro ', '+382'),
(146, 'ms', 'Montserrat ', '+166'),
(147, 'ma', 'Morocco ', '+212'),
(148, 'mz', 'Mozambique ', '+258'),
(149, 'mm', 'Myanmar ', '+95'),
(150, 'na', 'Namibia ', '+264'),
(151, 'nr', 'Nauru ', '+674'),
(152, 'np', 'Nepal ', '+977'),
(153, 'nl', 'Netherlands ', '+31'),
(154, 'an', 'Netherlands Antilles ', '+599'),
(155, 'nc', 'New Caledonia ', '+687'),
(156, 'nz', 'New Zealand ', '+64'),
(157, 'ni', 'Nicaragua ', '+505'),
(158, 'ne', 'Niger ', '+227'),
(159, 'ng', 'Nigeria ', '+234'),
(160, 'nu', 'Niue ', '+683'),
(161, 'nf', 'Norfolk Island ', '+672'),
(162, 'kp', 'North Korea', '+850'),
(163, 'mp', 'Northern Mariana Islands ', '+670'),
(164, 'no', 'Norway ', '+47'),
(165, 'om', 'Oman ', '+968'),
(166, 'pk', 'Pakistan ', '+92'),
(167, 'pw', 'Palau ', '+680'),
(168, 'ps', 'Palestinian Territory Occupied ', '+970'),
(169, 'pa', 'Panama ', '+507'),
(170, 'pg', 'Papua New Guinea ', '+675'),
(171, 'py', 'Paraguay ', '+595'),
(172, 'pe', 'Peru ', '+51'),
(173, 'ph', 'Philippines ', '+63'),
(174, 'pn', 'Pitcairn ', '+870'),
(175, 'pl', 'Poland ', '+48'),
(176, 'pt', 'Portugal ', '+351'),
(177, 'pr', 'Puerto Rico ', '+787'),
(178, 'qa', 'Qatar ', '+974'),
(179, 're', 'Runion ', '+262'),
(180, 'ro', 'Romania ', '+40'),
(181, 'ru', 'Russia', '+7'),
(182, 'rw', 'Rwanda ', '+250'),
(183, 'bl', 'Saint Barthlemy ', '+590'),
(184, 'sh', 'Saint Helena ', '+290'),
(185, 'kn', 'Saint Kitts And Nevis ', '+186'),
(186, 'lc', 'Saint Lucia ', '+175'),
(187, 'mf', 'Saint Martin ', '+159'),
(188, 'pm', 'Saint Pierre And Miquelon ', '+508'),
(189, 'vc', 'Saint Vincent And The Grenadines ', '+178'),
(190, 'ws', 'Samoa ', '+685'),
(191, 'sm', 'San Marino ', '+378'),
(192, 'st', 'Sao Tome And Principe ', '+239'),
(193, 'sa', 'Saudi Arabia ', '+966'),
(194, 'sn', 'Senegal ', '+221'),
(195, 'rs', 'Serbia ', '+381'),
(196, 'sc', 'Seychelles ', '+248'),
(197, 'sl', 'Sierra Leone ', '+232'),
(198, 'sg', 'Singapore ', '+65'),
(199, 'sk', 'Slovakia ', '+421'),
(200, 'si', 'Slovenia ', '+386'),
(201, 'sb', 'Solomon Islands ', '+677'),
(202, 'so', 'Somalia ', '+252'),
(203, 'za', 'South Africa ', '+27'),
(204, 'gs', 'South Georgia And The South Sandwich Islands ', '+500'),
(205, 'kr', 'South Korea', '+82'),
(206, 'es', 'Spain ', '+34'),
(207, 'lk', 'Sri Lanka ', '+94'),
(208, 'sd', 'Sudan ', '+249'),
(209, 'sr', 'Suriname ', '+597'),
(210, 'sj', 'Svalbard And Jan Mayen ', '+47'),
(211, 'sz', 'Swaziland ', '+268'),
(212, 'se', 'Sweden ', '+46'),
(213, 'ch', 'Switzerland ', '+41'),
(214, 'sy', 'Syrian Arab Republic ', '+963'),
(215, 'tw', 'Taiwan', '+886'),
(216, 'tj', 'Tajikistan ', '+992'),
(217, 'tz', 'Tanzania', '+255'),
(218, 'th', 'Thailand ', '+66'),
(219, 'tl', 'TimorLeste ', '+670'),
(220, 'tg', 'Togo ', '+228'),
(221, 'tk', 'Tokelau ', '+690'),
(222, 'to', 'Tonga ', '+676'),
(223, 'tt', 'Trinidad And Tobago ', '+868'),
(224, 'tn', 'Tunisia ', '+216'),
(225, 'tr', 'Turkey ', '+90'),
(226, 'tm', 'Turkmenistan ', '+993'),
(227, 'tc', 'Turks And Caicos Islands ', '+649'),
(228, 'tv', 'Tuvalu ', '+688'),
(229, 'ug', 'Uganda ', '+256'),
(230, 'ua', 'Ukraine ', '+380'),
(231, 'ae', 'United Arab Emirates ', '+971'),
(232, 'gb', 'United Kingdom ', '+44'),
(233, 'us', 'United States ', '+1'),
(234, 'um', 'United States Minor Outlying Islands ', '+1'),
(235, 'uy', 'Uruguay ', '+598'),
(236, 'uz', 'Uzbekistan ', '+998'),
(237, 'vu', 'Vanuatu ', '+678'),
(238, 'va', 'Vatican City State ', '+379'),
(239, 've', 'Venezuela ', '+58'),
(240, 'vn', 'Vietnam ', '+84'),
(241, 'vg', 'Virgin Islands British ', '+128'),
(242, 'vi', 'Virgin Islands US ', '+134'),
(243, 'wf', 'Wallis And Futuna ', '+681'),
(244, 'eh', 'Western Sahara ', '+212'),
(245, 'ye', 'Yemen ', '+967'),
(246, 'zm', 'Zambia ', '+260'),
(247, 'zw', 'Zimbabwe', '+263');

-- --------------------------------------------------------

--
-- Table structure for table `message`
--

CREATE TABLE IF NOT EXISTS `message` (
  `id` int(11) NOT NULL,
  `name` varchar(100) NOT NULL,
  `email` varchar(100) NOT NULL,
  `handphone` varchar(30) NOT NULL,
  `content` text NOT NULL,
  `created_at` timestamp NOT NULL DEFAULT '0000-00-00 00:00:00',
  `updated_at` timestamp NOT NULL DEFAULT '0000-00-00 00:00:00'
) ENGINE=InnoDB DEFAULT CHARSET=latin1;

-- --------------------------------------------------------

--
-- Table structure for table `migrations`
--

CREATE TABLE IF NOT EXISTS `migrations` (
  `migration` varchar(255) COLLATE utf8_unicode_ci NOT NULL,
  `batch` int(11) NOT NULL
) ENGINE=InnoDB DEFAULT CHARSET=utf8 COLLATE=utf8_unicode_ci;

--
-- Dumping data for table `migrations`
--

INSERT INTO `migrations` (`migration`, `batch`) VALUES
('2013_06_27_143953_create_cronmanager_table', 1),
('2013_06_27_144035_create_cronjob_table', 1),
('2014_06_03_193005_create_queue_table', 2);

-- --------------------------------------------------------

--
-- Table structure for table `payments`
--

CREATE TABLE IF NOT EXISTS `payments` (
  `id` int(11) NOT NULL,
  `name` varchar(100) NOT NULL,
  `is_active` enum('0','1') NOT NULL DEFAULT '1'
) ENGINE=InnoDB AUTO_INCREMENT=3 DEFAULT CHARSET=latin1;

--
-- Dumping data for table `payments`
--

INSERT INTO `payments` (`id`, `name`, `is_active`) VALUES
(1, 'Cash', '1'),
(2, 'Google Wallet', '1');

-- --------------------------------------------------------

--
-- Table structure for table `receive_message`
--

CREATE TABLE IF NOT EXISTS `receive_message` (
  `id` int(11) NOT NULL,
  `msisdn` varchar(40) NOT NULL,
  `messageId` varchar(50) DEFAULT NULL,
  `text` text NOT NULL,
  `type` varchar(50) NOT NULL,
  `message-timestamp` timestamp NULL DEFAULT NULL,
  `created_at` timestamp NOT NULL DEFAULT '0000-00-00 00:00:00',
  `updated_at` timestamp NOT NULL DEFAULT '0000-00-00 00:00:00'
) ENGINE=InnoDB DEFAULT CHARSET=latin1;

-- --------------------------------------------------------

--
-- Table structure for table `request`
--

CREATE TABLE IF NOT EXISTS `request` (
  `id` int(11) NOT NULL,
  `id_user` int(11) NOT NULL,
  `title` varchar(255) NOT NULL,
  `open_date` datetime NOT NULL,
  `close_date` datetime NOT NULL,
  `open_price` int(11) NOT NULL,
  `longitude_from` varchar(50) NOT NULL,
  `latitude_from` varchar(50) NOT NULL,
  `desc_from` varchar(255) NOT NULL,
  `longitude_to` varchar(50) NOT NULL,
  `latitude_to` varchar(50) NOT NULL,
  `desc_to` varchar(255) NOT NULL,
  `distance` varchar(20) NOT NULL,
  `duration` varchar(20) NOT NULL,
  `status` enum('0','1','2') NOT NULL DEFAULT '0' COMMENT '0 : new, 1: ordered, 2: finish',
  `expire` enum('0','1') NOT NULL DEFAULT '0',
  `created_at` timestamp NOT NULL DEFAULT '0000-00-00 00:00:00',
  `updated_at` timestamp NOT NULL DEFAULT '0000-00-00 00:00:00'
) ENGINE=InnoDB AUTO_INCREMENT=3 DEFAULT CHARSET=latin1;

--
-- Dumping data for table `request`
--

INSERT INTO `request` (`id`, `id_user`, `title`, `open_date`, `close_date`, `open_price`, `longitude_from`, `latitude_from`, `desc_from`, `longitude_to`, `latitude_to`, `desc_to`, `distance`, `duration`, `status`, `expire`, `created_at`, `updated_at`) VALUES
(1, 1, 'Clothes', '2015-10-10 00:00:00', '2015-10-11 00:00:00', 1000, '192', '111', 'London', '111', '112', 'Manchester', '300', '2 Hours', '1', '0', '2015-10-09 17:00:00', '2015-10-09 17:00:00'),
(2, 1, 'Jersey', '2015-10-09 00:00:00', '2015-10-10 00:00:00', 1000, '111', '132', 'NEW YORK', '123', '132', 'HAWAII', '100', '60 Minutes', '1', '0', '2015-10-08 17:00:00', '2015-10-08 17:00:00');

-- --------------------------------------------------------

--
-- Table structure for table `request_item`
--

CREATE TABLE IF NOT EXISTS `request_item` (
  `id` int(11) NOT NULL,
  `id_request` int(11) NOT NULL,
  `id_category` int(11) NOT NULL,
  `name` varchar(255) NOT NULL,
  `description` varchar(255) NOT NULL,
  `weight` float NOT NULL,
  `image` text NOT NULL,
  `created_at` timestamp NOT NULL DEFAULT '0000-00-00 00:00:00',
  `updated_at` timestamp NOT NULL DEFAULT '0000-00-00 00:00:00'
) ENGINE=InnoDB AUTO_INCREMENT=3 DEFAULT CHARSET=latin1;

--
-- Dumping data for table `request_item`
--

INSERT INTO `request_item` (`id`, `id_request`, `id_category`, `name`, `description`, `weight`, `image`, `created_at`, `updated_at`) VALUES
(1, 1, 1, 'haha', 'haha', 1.2, 'http://zolaismu12.weebly.com/uploads/4/2/7/5/42757933/2332852_orig.jpg', '2015-10-08 17:00:00', '2015-10-08 17:00:00'),
(2, 2, 1, 'gege', 'as', 1, 'http://dyzmn8020x6cd.cloudfront.net/sys-master/products/h90/h6c/8879152070686/NCJ04-SS15-Product-01.jpg_SMALLER', '0000-00-00 00:00:00', '0000-00-00 00:00:00');

-- --------------------------------------------------------

--
-- Table structure for table `shortcut`
--

CREATE TABLE IF NOT EXISTS `shortcut` (
  `id` int(11) NOT NULL,
  `content` varchar(50) NOT NULL,
  `created_at` timestamp NOT NULL DEFAULT '0000-00-00 00:00:00',
  `updated_at` timestamp NOT NULL DEFAULT '0000-00-00 00:00:00'
) ENGINE=InnoDB AUTO_INCREMENT=2 DEFAULT CHARSET=latin1;

--
-- Dumping data for table `shortcut`
--

INSERT INTO `shortcut` (`id`, `content`, `created_at`, `updated_at`) VALUES
(1, '#REQUEST#idrequest#YES', '0000-00-00 00:00:00', '0000-00-00 00:00:00');

-- --------------------------------------------------------

--
-- Table structure for table `users`
--

CREATE TABLE IF NOT EXISTS `users` (
  `id` int(11) NOT NULL,
  `name` varchar(45) DEFAULT NULL,
  `email` varchar(45) DEFAULT NULL,
  `password` varchar(100) DEFAULT NULL,
  `address` text NOT NULL,
  `longitude` int(11) NOT NULL,
  `latitude` int(11) NOT NULL,
  `phone` varchar(20) NOT NULL,
  `image` blob NOT NULL,
  `is_active` enum('1','0') NOT NULL DEFAULT '0',
  `level` int(11) NOT NULL,
  `deleted_at` timestamp NULL DEFAULT NULL,
  `created_at` timestamp NULL DEFAULT NULL,
  `updated_at` timestamp NULL DEFAULT NULL
) ENGINE=InnoDB AUTO_INCREMENT=64 DEFAULT CHARSET=latin1;

--
-- Dumping data for table `users`
--

INSERT INTO `users` (`id`, `name`, `email`, `password`, `address`, `longitude`, `latitude`, `phone`, `image`, `is_active`, `level`, `deleted_at`, `created_at`, `updated_at`) VALUES
(1, 'dede', 'dede@dede.com', '582fd93242c58f5216459a9f200efcd7', '1', 1, 1, '1', '', '1', 1, NULL, NULL, NULL),
(2, 'Nuli Giarsyani', 'nuli@coreidea.com', '0e608a4b39a64db83f58d2854432bd0e', 'sdada', 0, 0, '081915804771', '', '1', 1, NULL, '2014-10-25 02:58:52', '2015-03-24 17:09:44'),
(20, 'dada', 'dada', 'dada', '', 0, 0, '', '', '0', 0, NULL, NULL, NULL),
(21, 'da', 'dada', 'dada', 'da', 1, 2, '1', '', '0', 1, NULL, NULL, NULL),
(22, 'dadada', 'dadada', 'dadada', 'dadada', 1, 1, '1', 0x64656661756c74, '0', 1, NULL, '2015-10-07 22:51:43', '2015-10-07 22:51:43'),
(23, 'dadada', 'dadada', 'dadada', 'dadada', 1, 1, '1', 0x64656661756c74, '0', 1, NULL, '2015-10-07 22:52:26', '2015-10-07 22:52:26'),
(24, 'dadada', 'dadada', 'dadada', 'dadada', 1, 1, '1', 0x64656661756c74, '0', 1, NULL, '2015-10-07 22:53:06', '2015-10-07 22:53:06'),
(25, 'dadada', 'dadada', 'dadada', 'dadada', 1, 1, '1', 0x64656661756c74, '0', 1, NULL, '2015-10-07 22:57:34', '2015-10-07 22:57:34'),
(26, 'dadada', 'dadada', 'dadada', 'dadada', 1, 1, '1', 0x64656661756c74, '0', 1, NULL, '2015-10-07 22:57:44', '2015-10-07 22:57:44'),
(27, 'dadada', 'dadada', 'dadada', 'dadada', 1, 1, '1', 0x64656661756c74, '0', 1, NULL, '2015-10-07 22:58:03', '2015-10-07 22:58:03'),
(28, 'dadada', 'dadada', 'dadada', 'dadada', 1, 1, '1', 0x64656661756c74, '0', 1, NULL, '2015-10-07 22:59:04', '2015-10-07 22:59:04'),
(29, 'dadada', 'dadada', 'dadada', 'dadada', 1, 1, '1', 0x64656661756c74, '0', 1, NULL, '2015-10-07 23:01:17', '2015-10-07 23:01:17'),
(30, 'dadada', 'dadada', 'dadada', 'dadada', 1, 1, '1', 0x64656661756c74, '0', 1, NULL, '2015-10-07 23:01:33', '2015-10-07 23:01:33'),
(31, 'dadada', 'dadada', 'dadada', 'dadada', 1, 1, '1', 0x64656661756c74, '0', 1, NULL, '2015-10-07 23:08:02', '2015-10-07 23:08:02'),
(32, 'dadada', 'dadada', 'dadada', 'dadada', 1, 1, '1', 0x64656661756c74, '0', 1, NULL, '2015-10-07 23:12:39', '2015-10-07 23:12:39'),
(33, 'dadada', 'dadada', 'dadada', 'dadada', 1, 1, '1', 0x64656661756c74, '0', 1, NULL, '2015-10-07 23:13:18', '2015-10-07 23:13:18'),
(34, 'dadada', 'dadada', 'dadada', 'dadada', 1, 1, '1', 0x64656661756c74, '0', 1, NULL, '2015-10-07 23:13:37', '2015-10-07 23:13:37'),
(35, 'dadada', 'dadada', 'dadada', 'dadada', 1, 1, '1', 0x64656661756c74, '0', 1, NULL, '2015-10-07 23:14:26', '2015-10-07 23:14:26'),
(36, 'dadada', 'dadada', 'dadada', 'dadada', 1, 1, '1', 0x64656661756c74, '0', 1, NULL, '2015-10-07 23:14:54', '2015-10-07 23:14:54'),
(37, 'dadada', 'dadada', 'e5e254586aed020e3bd207b4c96a0ce0', 'dadada', 1, 1, '1', 0x64656661756c74, '0', 1, NULL, '2015-10-07 23:18:07', '2015-10-07 23:18:07'),
(38, 'dadada', 'dadada', 'e5e254586aed020e3bd207b4c96a0ce0', 'dadada', 1, 1, '1', 0x64656661756c74, '0', 1, NULL, '2015-10-07 23:20:10', '2015-10-07 23:20:10'),
(39, 'dadada', 'dadada', 'e5e254586aed020e3bd207b4c96a0ce0', 'dadada', 1, 1, '1', 0x64656661756c74, '0', 1, NULL, '2015-10-07 23:20:32', '2015-10-07 23:20:32'),
(40, 'dadada', 'dadada', 'e5e254586aed020e3bd207b4c96a0ce0', 'dadada', 1, 1, '1', 0x64656661756c74, '0', 1, NULL, '2015-10-07 23:20:50', '2015-10-07 23:20:50'),
(41, 'dadada', 'dadada', 'e5e254586aed020e3bd207b4c96a0ce0', 'dadada', 1, 1, '1', 0x64656661756c74, '0', 1, NULL, '2015-10-07 23:21:35', '2015-10-07 23:21:35'),
(42, 'dadada', 'dadada', 'e5e254586aed020e3bd207b4c96a0ce0', 'dadada', 1, 1, '1', 0x64656661756c74, '0', 1, NULL, '2015-10-07 23:21:56', '2015-10-07 23:21:56'),
(43, 'dadada', 'dadada', 'e5e254586aed020e3bd207b4c96a0ce0', 'dadada', 1, 1, '1', 0x64656661756c74, '0', 1, NULL, '2015-10-07 23:22:03', '2015-10-07 23:22:03'),
(44, 'dadada', 'dadada', 'e5e254586aed020e3bd207b4c96a0ce0', 'dadada', 1, 1, '1', 0x64656661756c74, '0', 1, NULL, '2015-10-07 23:22:09', '2015-10-07 23:22:09'),
(45, 'dadada', 'dadada', 'e5e254586aed020e3bd207b4c96a0ce0', 'dadada', 1, 1, '1', 0x64656661756c74, '0', 1, NULL, '2015-10-07 23:22:24', '2015-10-07 23:22:24'),
(46, 'wawa', 'wawa@wawa.com', '98d8a26d15542cb2d31e57b812526938', 'asas', 111, 123, '0852', 0x64656661756c74, '0', 1, NULL, '2015-10-11 01:43:37', '2015-10-11 01:43:37'),
(47, 'wawa', 'wawa@wawa.com', '98d8a26d15542cb2d31e57b812526938', 'asas', 111, 123, '0852', 0x64656661756c74, '0', 1, NULL, '2015-10-11 01:44:55', '2015-10-11 01:44:55'),
(48, 'wawa', 'wawa@wawa.com', '98d8a26d15542cb2d31e57b812526938', 'asas', 111, 123, '0852', 0x64656661756c74, '0', 1, NULL, '2015-10-11 01:45:55', '2015-10-11 01:45:55'),
(49, 'wawa', 'wawa@wawa.com', '98d8a26d15542cb2d31e57b812526938', 'asas', 111, 123, '0852', 0x64656661756c74, '0', 1, NULL, '2015-10-11 01:51:58', '2015-10-11 01:51:58'),
(50, 'wawa', 'wawa@wawa.com', '98d8a26d15542cb2d31e57b812526938', 'asas', 111, 123, '0852', 0x64656661756c74, '0', 1, NULL, '2015-10-11 01:54:31', '2015-10-11 01:54:31'),
(51, 'wawa', 'wawa@wawa.com', '98d8a26d15542cb2d31e57b812526938', 'asas', 111, 123, '0852', 0x64656661756c74, '0', 1, NULL, '2015-10-11 01:59:13', '2015-10-11 01:59:13'),
(52, 'wawa', 'wawa@wawa.com', '98d8a26d15542cb2d31e57b812526938', 'asas', 111, 123, '0852', 0x64656661756c74, '0', 1, NULL, '2015-10-11 01:59:31', '2015-10-11 01:59:31'),
(53, 'wawa', 'wawa@wawa.com', '98d8a26d15542cb2d31e57b812526938', 'asas', 111, 123, '0852', 0x64656661756c74, '0', 1, NULL, '2015-10-11 02:01:01', '2015-10-11 02:01:01'),
(54, 'wawa', 'wawa@wawa.com', '98d8a26d15542cb2d31e57b812526938', 'asas', 111, 123, '0852', 0x64656661756c74, '0', 1, NULL, '2015-10-11 02:01:15', '2015-10-11 02:01:15'),
(55, 'wawa', 'wawa@wawa.com', '98d8a26d15542cb2d31e57b812526938', 'asas', 111, 123, '0852', 0x64656661756c74, '0', 1, NULL, '2015-10-11 02:03:11', '2015-10-11 02:03:11'),
(56, 'wawa', 'wawa@wawa.com', '98d8a26d15542cb2d31e57b812526938', 'asas', 111, 123, '0852', 0x64656661756c74, '0', 1, NULL, '2015-10-11 02:12:18', '2015-10-11 02:12:18'),
(57, 'wawa', 'wawa@wawa.com', '98d8a26d15542cb2d31e57b812526938', 'asas', 111, 123, '0852', 0x64656661756c74, '0', 1, NULL, '2015-10-11 02:12:25', '2015-10-11 02:12:25'),
(58, '1', '1', '1757092f95f260e267f04a579676be37', '1', 1, 1, '1', 0x64656661756c74, '0', 1, NULL, '2015-10-11 02:47:03', '2015-10-11 02:47:03'),
(59, 'dqda', 'dada', 'c805fac3056de93ebccf7c381429da15', 'aa', 105, 125, '88', 0x64656661756c74, '0', 1, NULL, '2015-10-11 02:57:28', '2015-10-11 02:57:28'),
(60, 'dqda', 'dada', 'c805fac3056de93ebccf7c381429da15', 'aa', 105, 125, '88', 0x64656661756c74, '0', 1, NULL, '2015-10-11 02:57:28', '2015-10-11 02:57:28'),
(61, 'wawa', 'wawa@wawa.coma', '98d8a26d15542cb2d31e57b812526938', 'asas', 111, 123, '0852', 0x64656661756c74, '0', 1, NULL, '2015-10-11 03:04:02', '2015-10-11 03:04:02'),
(62, 'wawa', 'wawa@wawa.comaa', '98d8a26d15542cb2d31e57b812526938', 'asas', 111, 123, '0852', 0x64656661756c74, '0', 1, NULL, '2015-10-11 03:04:41', '2015-10-11 03:04:41'),
(63, '', '', '0d2dd4a5c57ebcdd70ae0be2410b36af', '', 105, 125, '', 0x64656661756c74, '0', 1, NULL, '2015-10-11 03:05:16', '2015-10-11 03:05:16');

-- --------------------------------------------------------

--
-- Table structure for table `user_detail`
--

CREATE TABLE IF NOT EXISTS `user_detail` (
  `id_user` int(11) NOT NULL,
  `allocation` varchar(255) NOT NULL,
  `charge_per_kilometer` int(11) NOT NULL,
  `id_vehicles_size` int(11) NOT NULL,
  `start_time_available` time NOT NULL DEFAULT '00:00:00',
  `end_time_available` time NOT NULL DEFAULT '00:00:00',
  `id_payment` int(11) NOT NULL,
  `latitude` varchar(50) NOT NULL,
  `longitude` varchar(50) NOT NULL,
  `created_at` date NOT NULL,
  `updated_at` date NOT NULL
) ENGINE=InnoDB DEFAULT CHARSET=latin1;

--
-- Dumping data for table `user_detail`
--

INSERT INTO `user_detail` (`id_user`, `allocation`, `charge_per_kilometer`, `id_vehicles_size`, `start_time_available`, `end_time_available`, `id_payment`, `latitude`, `longitude`, `created_at`, `updated_at`) VALUES
(50, 'disini', 1, 1, '00:00:00', '00:00:00', 1, '123', '111', '2015-10-11', '2015-10-11'),
(51, 'disini', 1, 1, '00:00:00', '00:00:00', 1, '123', '111', '2015-10-11', '2015-10-11'),
(52, 'disini', 1, 1, '00:00:00', '00:00:00', 1, '123', '111', '2015-10-11', '2015-10-11'),
(54, 'disini', 1, 1, '00:00:00', '00:00:00', 1, '123', '111', '2015-10-11', '2015-10-11'),
(55, 'disini', 1, 1, '16:57:16', '16:57:16', 1, '123', '111', '2015-10-11', '2015-10-11'),
(57, 'disini', 1, 1, '16:57:16', '16:57:16', 1, '123', '111', '2015-10-11', '2015-10-11'),
(58, 'disini', 1, 1, '16:57:16', '16:57:16', 1, '1', '1', '2015-10-11', '2015-10-11'),
(60, 'disini', 2, 2, '16:57:16', '16:57:16', 2, '125', '105', '2015-10-11', '2015-10-11'),
(59, 'disini', 2, 2, '16:57:16', '16:57:16', 2, '125', '105', '2015-10-11', '2015-10-11'),
(61, 'disini', 1, 1, '14:11:00', '14:11:00', 1, '123', '111', '2015-10-11', '2015-10-11'),
(62, 'disini', 1, 1, '05:11:00', '05:11:00', 1, '123', '111', '2015-10-11', '2015-10-11'),
(63, 'disini', 0, 0, '00:00:00', '00:00:00', 0, '125', '105', '2015-10-11', '2015-10-11');

-- --------------------------------------------------------

--
-- Table structure for table `user_group`
--

CREATE TABLE IF NOT EXISTS `user_group` (
  `id` int(11) NOT NULL,
  `group_name` varchar(50) NOT NULL,
  `for_register` enum('0','1') NOT NULL DEFAULT '0',
  `is_detail` enum('0','1') NOT NULL DEFAULT '0',
  `created_at` timestamp NOT NULL DEFAULT '0000-00-00 00:00:00',
  `updated_at` timestamp NOT NULL DEFAULT '0000-00-00 00:00:00'
) ENGINE=InnoDB AUTO_INCREMENT=4 DEFAULT CHARSET=latin1;

--
-- Dumping data for table `user_group`
--

INSERT INTO `user_group` (`id`, `group_name`, `for_register`, `is_detail`, `created_at`, `updated_at`) VALUES
(1, 'Administrator', '0', '0', '0000-00-00 00:00:00', '2015-03-24 10:24:36'),
(2, 'Hire', '1', '0', '0000-00-00 00:00:00', '2015-03-24 10:24:31'),
(3, 'Work', '1', '1', '0000-00-00 00:00:00', '2015-05-11 07:33:59');

-- --------------------------------------------------------

--
-- Table structure for table `vehicles_size`
--

CREATE TABLE IF NOT EXISTS `vehicles_size` (
  `id` int(11) NOT NULL,
  `name` varchar(100) NOT NULL,
  `size` int(11) NOT NULL,
  `is_active` enum('0','1') NOT NULL DEFAULT '1'
) ENGINE=InnoDB AUTO_INCREMENT=3 DEFAULT CHARSET=latin1;

--
-- Dumping data for table `vehicles_size`
--

INSERT INTO `vehicles_size` (`id`, `name`, `size`, `is_active`) VALUES
(1, 'Under 4500 Km (small)', 4500, '1'),
(2, 'Under 8500 Km (standard)', 8500, '1');

-- --------------------------------------------------------

--
-- Table structure for table `visitor`
--

CREATE TABLE IF NOT EXISTS `visitor` (
  `id` int(10) unsigned NOT NULL,
  `ip` varchar(32) NOT NULL,
  `id_article` int(10) unsigned DEFAULT NULL,
  `type` enum('1','2','3','4') NOT NULL COMMENT '1. products, 2. news, 3. Gallery, 4. general',
  `created_at` timestamp NOT NULL DEFAULT '0000-00-00 00:00:00',
  `updated_at` timestamp NOT NULL DEFAULT '0000-00-00 00:00:00'
) ENGINE=InnoDB DEFAULT CHARSET=latin1;

--
-- Indexes for dumped tables
--

--
-- Indexes for table `about`
--
ALTER TABLE `about`
  ADD PRIMARY KEY (`id`);

--
-- Indexes for table `access`
--
ALTER TABLE `access`
  ADD PRIMARY KEY (`id`),
  ADD KEY `id_group` (`id_group`),
  ADD KEY `id_controller` (`id_controller`);

--
-- Indexes for table `bid`
--
ALTER TABLE `bid`
  ADD PRIMARY KEY (`id`);

--
-- Indexes for table `category`
--
ALTER TABLE `category`
  ADD PRIMARY KEY (`id`);

--
-- Indexes for table `controllers`
--
ALTER TABLE `controllers`
  ADD PRIMARY KEY (`id`),
  ADD KEY `id_parent` (`id_parent`);

--
-- Indexes for table `cron_job`
--
ALTER TABLE `cron_job`
  ADD PRIMARY KEY (`id`),
  ADD KEY `cron_job_name_cron_manager_id_index` (`name`,`cron_manager_id`);

--
-- Indexes for table `cron_manager`
--
ALTER TABLE `cron_manager`
  ADD PRIMARY KEY (`id`);

--
-- Indexes for table `delivery_receipt`
--
ALTER TABLE `delivery_receipt`
  ADD PRIMARY KEY (`id`);

--
-- Indexes for table `laq_async_queue`
--
ALTER TABLE `laq_async_queue`
  ADD PRIMARY KEY (`id`);

--
-- Indexes for table `list_country`
--
ALTER TABLE `list_country`
  ADD PRIMARY KEY (`id`);

--
-- Indexes for table `message`
--
ALTER TABLE `message`
  ADD PRIMARY KEY (`id`);

--
-- Indexes for table `payments`
--
ALTER TABLE `payments`
  ADD PRIMARY KEY (`id`);

--
-- Indexes for table `receive_message`
--
ALTER TABLE `receive_message`
  ADD PRIMARY KEY (`id`);

--
-- Indexes for table `request`
--
ALTER TABLE `request`
  ADD PRIMARY KEY (`id`);

--
-- Indexes for table `request_item`
--
ALTER TABLE `request_item`
  ADD PRIMARY KEY (`id`);

--
-- Indexes for table `shortcut`
--
ALTER TABLE `shortcut`
  ADD PRIMARY KEY (`id`);

--
-- Indexes for table `users`
--
ALTER TABLE `users`
  ADD PRIMARY KEY (`id`);

--
-- Indexes for table `user_detail`
--
ALTER TABLE `user_detail`
  ADD KEY `id_user` (`id_user`);

--
-- Indexes for table `user_group`
--
ALTER TABLE `user_group`
  ADD PRIMARY KEY (`id`);

--
-- Indexes for table `vehicles_size`
--
ALTER TABLE `vehicles_size`
  ADD PRIMARY KEY (`id`);

--
-- Indexes for table `visitor`
--
ALTER TABLE `visitor`
  ADD PRIMARY KEY (`id`);

--
-- AUTO_INCREMENT for dumped tables
--

--
-- AUTO_INCREMENT for table `about`
--
ALTER TABLE `about`
  MODIFY `id` int(11) NOT NULL AUTO_INCREMENT,AUTO_INCREMENT=2;
--
-- AUTO_INCREMENT for table `access`
--
ALTER TABLE `access`
  MODIFY `id` int(11) NOT NULL AUTO_INCREMENT,AUTO_INCREMENT=94;
--
-- AUTO_INCREMENT for table `bid`
--
ALTER TABLE `bid`
  MODIFY `id` int(11) NOT NULL AUTO_INCREMENT,AUTO_INCREMENT=3;
--
-- AUTO_INCREMENT for table `category`
--
ALTER TABLE `category`
  MODIFY `id` int(11) NOT NULL AUTO_INCREMENT;
--
-- AUTO_INCREMENT for table `controllers`
--
ALTER TABLE `controllers`
  MODIFY `id` int(11) NOT NULL AUTO_INCREMENT,AUTO_INCREMENT=28;
--
-- AUTO_INCREMENT for table `cron_job`
--
ALTER TABLE `cron_job`
  MODIFY `id` int(10) unsigned NOT NULL AUTO_INCREMENT,AUTO_INCREMENT=1603;
--
-- AUTO_INCREMENT for table `cron_manager`
--
ALTER TABLE `cron_manager`
  MODIFY `id` int(10) unsigned NOT NULL AUTO_INCREMENT,AUTO_INCREMENT=1604;
--
-- AUTO_INCREMENT for table `delivery_receipt`
--
ALTER TABLE `delivery_receipt`
  MODIFY `id` int(11) NOT NULL AUTO_INCREMENT;
--
-- AUTO_INCREMENT for table `laq_async_queue`
--
ALTER TABLE `laq_async_queue`
  MODIFY `id` int(10) unsigned NOT NULL AUTO_INCREMENT,AUTO_INCREMENT=5;
--
-- AUTO_INCREMENT for table `list_country`
--
ALTER TABLE `list_country`
  MODIFY `id` int(11) NOT NULL AUTO_INCREMENT,AUTO_INCREMENT=248;
--
-- AUTO_INCREMENT for table `message`
--
ALTER TABLE `message`
  MODIFY `id` int(11) NOT NULL AUTO_INCREMENT;
--
-- AUTO_INCREMENT for table `payments`
--
ALTER TABLE `payments`
  MODIFY `id` int(11) NOT NULL AUTO_INCREMENT,AUTO_INCREMENT=3;
--
-- AUTO_INCREMENT for table `receive_message`
--
ALTER TABLE `receive_message`
  MODIFY `id` int(11) NOT NULL AUTO_INCREMENT;
--
-- AUTO_INCREMENT for table `request`
--
ALTER TABLE `request`
  MODIFY `id` int(11) NOT NULL AUTO_INCREMENT,AUTO_INCREMENT=3;
--
-- AUTO_INCREMENT for table `request_item`
--
ALTER TABLE `request_item`
  MODIFY `id` int(11) NOT NULL AUTO_INCREMENT,AUTO_INCREMENT=3;
--
-- AUTO_INCREMENT for table `shortcut`
--
ALTER TABLE `shortcut`
  MODIFY `id` int(11) NOT NULL AUTO_INCREMENT,AUTO_INCREMENT=2;
--
-- AUTO_INCREMENT for table `users`
--
ALTER TABLE `users`
  MODIFY `id` int(11) NOT NULL AUTO_INCREMENT,AUTO_INCREMENT=64;
--
-- AUTO_INCREMENT for table `user_group`
--
ALTER TABLE `user_group`
  MODIFY `id` int(11) NOT NULL AUTO_INCREMENT,AUTO_INCREMENT=4;
--
-- AUTO_INCREMENT for table `vehicles_size`
--
ALTER TABLE `vehicles_size`
  MODIFY `id` int(11) NOT NULL AUTO_INCREMENT,AUTO_INCREMENT=3;
--
-- AUTO_INCREMENT for table `visitor`
--
ALTER TABLE `visitor`
  MODIFY `id` int(10) unsigned NOT NULL AUTO_INCREMENT;
/*!40101 SET CHARACTER_SET_CLIENT=@OLD_CHARACTER_SET_CLIENT */;
/*!40101 SET CHARACTER_SET_RESULTS=@OLD_CHARACTER_SET_RESULTS */;
/*!40101 SET COLLATION_CONNECTION=@OLD_COLLATION_CONNECTION */;
